-- Adminer 4.8.1 MySQL 5.5.5-10.8.3-MariaDB-1:10.8.3+maria~jammy dump

SET NAMES utf8;
SET time_zone = '+00:00';
SET foreign_key_checks = 0;
SET sql_mode = 'NO_AUTO_VALUE_ON_ZERO';

SET NAMES utf8mb4;

DROP TABLE IF EXISTS `assignments`;
CREATE TABLE `assignments` (
  `id` int(11) NOT NULL AUTO_INCREMENT,
  `episode_id` int(11) NOT NULL,
  `national_cuisine_id` int(11) NOT NULL,
  `chef_id` int(11) DEFAULT NULL,
  `recipe_id` int(11) DEFAULT NULL,
  `updated_at` timestamp NOT NULL DEFAULT current_timestamp() ON UPDATE current_timestamp(),
  PRIMARY KEY (`id`),
  KEY `episode_id` (`episode_id`),
  KEY `national_cuisine_id` (`national_cuisine_id`),
  KEY `chef_id` (`chef_id`),
  KEY `recipe_id` (`recipe_id`),
  CONSTRAINT `assignments_ibfk_1` FOREIGN KEY (`episode_id`) REFERENCES `episodes` (`id`),
  CONSTRAINT `assignments_ibfk_2` FOREIGN KEY (`national_cuisine_id`) REFERENCES `national_cuisine` (`id`),
  CONSTRAINT `assignments_ibfk_3` FOREIGN KEY (`chef_id`) REFERENCES `chef` (`id`),
  CONSTRAINT `assignments_ibfk_4` FOREIGN KEY (`recipe_id`) REFERENCES `recipes` (`id`)
) ENGINE=InnoDB DEFAULT CHARSET=utf8mb4;

INSERT INTO `assignments` (`id`, `episode_id`, `national_cuisine_id`, `chef_id`, `recipe_id`, `updated_at`) VALUES
(1,	1,	5,	NULL,	NULL,	'2024-04-29 15:16:49'),
(2,	1,	7,	NULL,	NULL,	'2024-04-29 15:16:49'),
(3,	1,	9,	NULL,	NULL,	'2024-04-29 15:16:49'),
(4,	1,	13,	NULL,	NULL,	'2024-04-29 15:16:49'),
(5,	1,	15,	NULL,	NULL,	'2024-04-29 15:16:49'),
(6,	1,	17,	NULL,	NULL,	'2024-04-29 15:16:49'),
(7,	1,	19,	NULL,	NULL,	'2024-04-29 15:16:49'),
(8,	1,	21,	NULL,	NULL,	'2024-04-29 15:16:49'),
(9,	1,	23,	NULL,	NULL,	'2024-04-29 15:16:49'),
(10,	1,	25,	NULL,	NULL,	'2024-04-29 15:16:49'),
(11,	2,	4,	NULL,	NULL,	'2024-04-29 15:16:49'),
(12,	2,	6,	NULL,	NULL,	'2024-04-29 15:16:49'),
(13,	2,	8,	NULL,	NULL,	'2024-04-29 15:16:49'),
(14,	2,	12,	NULL,	NULL,	'2024-04-29 15:16:49'),
(15,	2,	14,	NULL,	NULL,	'2024-04-29 15:16:49'),
(16,	2,	16,	NULL,	NULL,	'2024-04-29 15:16:49'),
(17,	2,	18,	NULL,	NULL,	'2024-04-29 15:16:49'),
(18,	2,	20,	NULL,	NULL,	'2024-04-29 15:16:49'),
(19,	2,	22,	NULL,	NULL,	'2024-04-29 15:16:49'),
(20,	2,	24,	NULL,	NULL,	'2024-04-29 15:16:49'),
(21,	3,	3,	NULL,	NULL,	'2024-04-29 15:16:49'),
(22,	3,	5,	NULL,	NULL,	'2024-04-29 15:16:49'),
(23,	3,	7,	NULL,	NULL,	'2024-04-29 15:16:49'),
(24,	3,	11,	NULL,	NULL,	'2024-04-29 15:16:49'),
(25,	3,	13,	NULL,	NULL,	'2024-04-29 15:16:49'),
(26,	3,	15,	NULL,	NULL,	'2024-04-29 15:16:49'),
(27,	3,	17,	NULL,	NULL,	'2024-04-29 15:16:49'),
(28,	3,	19,	NULL,	NULL,	'2024-04-29 15:16:49'),
(29,	3,	21,	NULL,	NULL,	'2024-04-29 15:16:49'),
(30,	3,	23,	NULL,	NULL,	'2024-04-29 15:16:49'),
(31,	4,	2,	NULL,	NULL,	'2024-04-29 15:16:49'),
(32,	4,	4,	NULL,	NULL,	'2024-04-29 15:16:49'),
(33,	4,	6,	NULL,	NULL,	'2024-04-29 15:16:49'),
(34,	4,	10,	NULL,	NULL,	'2024-04-29 15:16:49'),
(35,	4,	12,	NULL,	NULL,	'2024-04-29 15:16:49'),
(36,	4,	14,	NULL,	NULL,	'2024-04-29 15:16:49'),
(37,	4,	16,	NULL,	NULL,	'2024-04-29 15:16:49'),
(38,	4,	18,	NULL,	NULL,	'2024-04-29 15:16:49'),
(39,	4,	20,	NULL,	NULL,	'2024-04-29 15:16:49'),
(40,	4,	22,	NULL,	NULL,	'2024-04-29 15:16:49'),
(41,	5,	1,	NULL,	NULL,	'2024-04-29 15:16:49'),
(42,	5,	3,	NULL,	NULL,	'2024-04-29 15:16:49'),
(43,	5,	5,	NULL,	NULL,	'2024-04-29 15:16:49'),
(44,	5,	9,	NULL,	NULL,	'2024-04-29 15:16:49'),
(45,	5,	11,	NULL,	NULL,	'2024-04-29 15:16:49'),
(46,	5,	13,	NULL,	NULL,	'2024-04-29 15:16:49'),
(47,	5,	15,	NULL,	NULL,	'2024-04-29 15:16:49'),
(48,	5,	17,	NULL,	NULL,	'2024-04-29 15:16:49'),
(49,	5,	19,	NULL,	NULL,	'2024-04-29 15:16:49'),
(50,	5,	21,	NULL,	NULL,	'2024-04-29 15:16:49'),
(51,	6,	26,	NULL,	NULL,	'2024-04-29 15:16:49'),
(52,	6,	2,	NULL,	NULL,	'2024-04-29 15:16:49'),
(53,	6,	4,	NULL,	NULL,	'2024-04-29 15:16:49'),
(54,	6,	8,	NULL,	NULL,	'2024-04-29 15:16:49'),
(55,	6,	10,	NULL,	NULL,	'2024-04-29 15:16:49'),
(56,	6,	12,	NULL,	NULL,	'2024-04-29 15:16:49'),
(57,	6,	14,	NULL,	NULL,	'2024-04-29 15:16:49'),
(58,	6,	16,	NULL,	NULL,	'2024-04-29 15:16:49'),
(59,	6,	18,	NULL,	NULL,	'2024-04-29 15:16:49'),
(60,	6,	20,	NULL,	NULL,	'2024-04-29 15:16:49'),
(61,	7,	25,	NULL,	NULL,	'2024-04-29 15:16:49'),
(62,	7,	1,	NULL,	NULL,	'2024-04-29 15:16:49'),
(63,	7,	3,	NULL,	NULL,	'2024-04-29 15:16:49'),
(64,	7,	7,	NULL,	NULL,	'2024-04-29 15:16:49'),
(65,	7,	9,	NULL,	NULL,	'2024-04-29 15:16:49'),
(66,	7,	11,	NULL,	NULL,	'2024-04-29 15:16:49'),
(67,	7,	13,	NULL,	NULL,	'2024-04-29 15:16:49'),
(68,	7,	15,	NULL,	NULL,	'2024-04-29 15:16:49'),
(69,	7,	17,	NULL,	NULL,	'2024-04-29 15:16:49'),
(70,	7,	19,	NULL,	NULL,	'2024-04-29 15:16:49'),
(71,	8,	24,	NULL,	NULL,	'2024-04-29 15:16:49'),
(72,	8,	26,	NULL,	NULL,	'2024-04-29 15:16:49'),
(73,	8,	2,	NULL,	NULL,	'2024-04-29 15:16:49'),
(74,	8,	6,	NULL,	NULL,	'2024-04-29 15:16:49'),
(75,	8,	8,	NULL,	NULL,	'2024-04-29 15:16:49'),
(76,	8,	10,	NULL,	NULL,	'2024-04-29 15:16:49'),
(77,	8,	12,	NULL,	NULL,	'2024-04-29 15:16:49'),
(78,	8,	14,	NULL,	NULL,	'2024-04-29 15:16:49'),
(79,	8,	16,	NULL,	NULL,	'2024-04-29 15:16:49'),
(80,	8,	18,	NULL,	NULL,	'2024-04-29 15:16:49'),
(81,	9,	23,	NULL,	NULL,	'2024-04-29 15:16:49'),
(82,	9,	25,	NULL,	NULL,	'2024-04-29 15:16:49'),
(83,	9,	1,	NULL,	NULL,	'2024-04-29 15:16:49'),
(84,	9,	5,	NULL,	NULL,	'2024-04-29 15:16:49'),
(85,	9,	7,	NULL,	NULL,	'2024-04-29 15:16:49'),
(86,	9,	9,	NULL,	NULL,	'2024-04-29 15:16:49'),
(87,	9,	11,	NULL,	NULL,	'2024-04-29 15:16:49'),
(88,	9,	13,	NULL,	NULL,	'2024-04-29 15:16:49'),
(89,	9,	15,	NULL,	NULL,	'2024-04-29 15:16:49'),
(90,	9,	17,	NULL,	NULL,	'2024-04-29 15:16:49'),
(91,	10,	22,	NULL,	NULL,	'2024-04-29 15:16:49'),
(92,	10,	24,	NULL,	NULL,	'2024-04-29 15:16:49'),
(93,	10,	26,	NULL,	NULL,	'2024-04-29 15:16:49'),
(94,	10,	2,	NULL,	NULL,	'2024-04-29 15:16:49'),
(95,	10,	4,	NULL,	NULL,	'2024-04-29 15:16:49'),
(96,	10,	6,	NULL,	NULL,	'2024-04-29 15:16:49'),
(97,	10,	8,	NULL,	NULL,	'2024-04-29 15:16:49'),
(98,	10,	10,	NULL,	NULL,	'2024-04-29 15:16:49'),
(99,	10,	12,	NULL,	NULL,	'2024-04-29 15:16:49'),
(100,	10,	14,	NULL,	NULL,	'2024-04-29 15:16:49');

DROP TABLE IF EXISTS `chef`;
CREATE TABLE `chef` (
  `id` int(11) NOT NULL AUTO_INCREMENT,
  `first_name` varchar(45) NOT NULL,
  `last_name` varchar(45) NOT NULL,
  `age` int(11) NOT NULL,
  `email` varchar(60) NOT NULL,
  `phone` varchar(11) NOT NULL,
  `date_of_birth` date NOT NULL,
  `years_of_experience` tinyint(4) NOT NULL,
  `chef_level` varchar(20) DEFAULT NULL,
  `updated_at` timestamp NOT NULL DEFAULT current_timestamp() ON UPDATE current_timestamp(),
  PRIMARY KEY (`id`)
) ENGINE=InnoDB DEFAULT CHARSET=utf8mb4;

INSERT INTO `chef` (`id`, `first_name`, `last_name`, `age`, `email`, `phone`, `date_of_birth`, `years_of_experience`, `chef_level`, `updated_at`) VALUES
(1,	'MARY',	'SMITH',	32,	'MARY.SMITH@chef.org',	'6958274222',	'1992-01-25',	5,	'A chef',	'2024-05-01 14:34:54'),
(2,	'PATRICIA',	'JOHNSON',	27,	'PATRICIA.JOHNSON@chef.org',	'6941792261',	'1996-12-27',	10,	'Master chef',	'2024-05-01 14:35:22'),
(3,	'LINDA',	'WILLIAMS',	20,	'LINDA.WILLIAMS@chef.org',	'6934138642',	'2003-09-30',	4,	'C chef',	'2024-05-01 14:35:10'),
(4,	'BARBARA',	'JONES',	46,	'BARBARA.JONES@chef.org',	'6945316432',	'1977-10-05',	8,	'Chef Assistant',	'2024-05-01 14:34:39'),
(5,	'ELIZABETH',	'BROWN',	61,	'ELIZABETH.BROWN@chef.org',	'6924166237',	'1962-07-27',	8,	'C chef',	'2024-05-01 14:35:10'),
(6,	'JENNIFER',	'DAVIS',	59,	'JENNIFER.DAVIS@chef.org',	'6984881892',	'1964-07-23',	7,	'C chef',	'2024-05-01 14:35:10'),
(7,	'MARIA',	'MILLER',	49,	'MARIA.MILLER@chef.org',	'6951910751',	'1975-02-04',	10,	'Master chef',	'2024-05-01 14:35:22'),
(8,	'SUSAN',	'WILSON',	47,	'SUSAN.WILSON@chef.org',	'6949080851',	'1976-10-14',	8,	'Master chef',	'2024-05-01 14:35:22'),
(9,	'MARGARET',	'MOORE',	25,	'MARGARET.MOORE@chef.org',	'6968808173',	'1998-08-27',	9,	'Chef Assistant',	'2024-05-01 14:34:39'),
(10,	'DOROTHY',	'TAYLOR',	56,	'DOROTHY.TAYLOR@chef.org',	'6929316617',	'1967-11-26',	1,	'Master chef',	'2024-05-01 14:35:22'),
(11,	'LISA',	'ANDERSON',	50,	'LISA.ANDERSON@chef.org',	'6940158567',	'1973-07-22',	7,	'Master chef',	'2024-05-01 14:35:22'),
(12,	'NANCY',	'THOMAS',	20,	'NANCY.THOMAS@chef.org',	'6912842988',	'2004-01-26',	1,	'A chef',	'2024-05-01 14:34:54'),
(13,	'KAREN',	'JACKSON',	19,	'KAREN.JACKSON@chef.org',	'6943739241',	'2004-09-02',	4,	'B chef',	'2024-05-01 14:35:05'),
(14,	'BETTY',	'WHITE',	63,	'BETTY.WHITE@chef.org',	'6980167247',	'1961-02-23',	6,	'C chef',	'2024-05-01 14:35:10'),
(15,	'HELEN',	'HARRIS',	57,	'HELEN.HARRIS@chef.org',	'6969618515',	'1966-09-27',	10,	'Chef Assistant',	'2024-05-01 14:34:39'),
(16,	'SANDRA',	'MARTIN',	33,	'SANDRA.MARTIN@chef.org',	'6975908373',	'1990-03-30',	9,	'B chef',	'2024-05-01 14:35:05'),
(17,	'DONNA',	'THOMPSON',	23,	'DONNA.THOMPSON@chef.org',	'6929098643',	'2000-12-28',	7,	'Chef Assistant',	'2024-05-01 14:34:39'),
(18,	'CAROL',	'GARCIA',	39,	'CAROL.GARCIA@chef.org',	'6922720708',	'1984-03-27',	4,	'Chef Assistant',	'2024-05-01 14:34:39'),
(19,	'RUTH',	'MARTINEZ',	21,	'RUTH.MARTINEZ@chef.org',	'6926307617',	'2003-03-15',	2,	'Chef Assistant',	'2024-05-01 14:34:39'),
(20,	'SHARON',	'ROBINSON',	55,	'SHARON.ROBINSON@chef.org',	'6963375962',	'1968-04-15',	7,	'A chef',	'2024-05-01 14:34:54'),
(21,	'MICHELLE',	'CLARK',	62,	'MICHELLE.CLARK@chef.org',	'6937956964',	'1961-11-07',	6,	'Master chef',	'2024-05-01 14:35:22'),
(22,	'LAURA',	'RODRIGUEZ',	34,	'LAURA.RODRIGUEZ@chef.org',	'6999656939',	'1989-05-22',	9,	'Master chef',	'2024-05-01 14:35:22'),
(23,	'SARAH',	'LEWIS',	57,	'SARAH.LEWIS@chef.org',	'6984413804',	'1966-05-20',	9,	'Chef Assistant',	'2024-05-01 14:34:39'),
(24,	'KIMBERLY',	'LEE',	30,	'KIMBERLY.LEE@chef.org',	'6923098209',	'1993-10-01',	5,	'B chef',	'2024-05-01 14:35:05'),
(25,	'DEBORAH',	'WALKER',	49,	'DEBORAH.WALKER@chef.org',	'6962249637',	'1974-08-08',	9,	'B chef',	'2024-05-01 14:35:05'),
(26,	'JESSICA',	'HALL',	47,	'JESSICA.HALL@chef.org',	'6941953560',	'1976-10-05',	8,	'C chef',	'2024-05-01 14:35:10'),
(27,	'SHIRLEY',	'ALLEN',	24,	'SHIRLEY.ALLEN@chef.org',	'6923018891',	'2000-01-01',	5,	'B chef',	'2024-05-01 14:35:05'),
(28,	'CYNTHIA',	'YOUNG',	49,	'CYNTHIA.YOUNG@chef.org',	'6989233779',	'1974-09-18',	8,	'C chef',	'2024-05-01 14:35:10'),
(29,	'ANGELA',	'HERNANDEZ',	20,	'ANGELA.HERNANDEZ@chef.org',	'6977112226',	'2003-07-27',	4,	'A chef',	'2024-05-01 14:34:54'),
(30,	'MELISSA',	'KING',	25,	'MELISSA.KING@chef.org',	'6917859798',	'1998-09-09',	8,	'A chef',	'2024-05-01 14:34:54'),
(31,	'BRENDA',	'WRIGHT',	46,	'BRENDA.WRIGHT@chef.org',	'6957962315',	'1977-10-01',	7,	'A chef',	'2024-05-01 14:34:54'),
(32,	'AMY',	'LOPEZ',	46,	'AMY.LOPEZ@chef.org',	'6936232185',	'1977-09-08',	9,	'Chef Assistant',	'2024-05-01 14:34:39'),
(33,	'ANNA',	'HILL',	29,	'ANNA.HILL@chef.org',	'6972739823',	'1995-03-07',	3,	'A chef',	'2024-05-01 14:34:54'),
(34,	'REBECCA',	'SCOTT',	31,	'REBECCA.SCOTT@chef.org',	'6927673359',	'1992-10-31',	9,	'A chef',	'2024-05-01 14:34:54'),
(35,	'VIRGINIA',	'GREEN',	50,	'VIRGINIA.GREEN@chef.org',	'6916544852',	'1973-08-16',	3,	'A chef',	'2024-05-01 14:34:54'),
(36,	'KATHLEEN',	'ADAMS',	49,	'KATHLEEN.ADAMS@chef.org',	'6999704188',	'1974-08-15',	10,	'B chef',	'2024-05-01 14:35:05'),
(37,	'PAMELA',	'BAKER',	31,	'PAMELA.BAKER@chef.org',	'6948886385',	'1992-03-28',	2,	'C chef',	'2024-05-01 14:35:10'),
(38,	'MARTHA',	'GONZALEZ',	36,	'MARTHA.GONZALEZ@chef.org',	'6945319367',	'1987-04-30',	6,	'Chef Assistant',	'2024-05-01 14:34:39'),
(39,	'DEBRA',	'NELSON',	24,	'DEBRA.NELSON@chef.org',	'6979937684',	'1999-12-03',	7,	'A chef',	'2024-05-01 14:34:54'),
(40,	'AMANDA',	'CARTER',	36,	'AMANDA.CARTER@chef.org',	'6963730321',	'1987-08-14',	5,	'Chef Assistant',	'2024-05-01 14:34:39'),
(41,	'STEPHANIE',	'MITCHELL',	45,	'STEPHANIE.MITCHELL@chef.org',	'6978838556',	'1978-04-30',	3,	'B chef',	'2024-05-01 14:35:05'),
(42,	'CAROLYN',	'PEREZ',	55,	'CAROLYN.PEREZ@chef.org',	'6930018199',	'1968-10-15',	8,	'B chef',	'2024-05-01 14:35:05'),
(43,	'CHRISTINE',	'ROBERTS',	30,	'CHRISTINE.ROBERTS@chef.org',	'6978493434',	'1993-12-20',	2,	'A chef',	'2024-05-01 14:34:54'),
(44,	'MARIE',	'TURNER',	55,	'MARIE.TURNER@chef.org',	'6983461716',	'1968-06-19',	6,	'C chef',	'2024-05-01 14:35:10'),
(45,	'JANET',	'PHILLIPS',	33,	'JANET.PHILLIPS@chef.org',	'6981828279',	'1990-06-07',	2,	'Chef Assistant',	'2024-05-01 14:34:39'),
(46,	'CATHERINE',	'CAMPBELL',	27,	'CATHERINE.CAMPBELL@chef.org',	'6958756252',	'1996-10-03',	3,	'Chef Assistant',	'2024-05-01 14:34:39'),
(47,	'FRANCES',	'PARKER',	61,	'FRANCES.PARKER@chef.org',	'6948296427',	'1962-06-27',	8,	'A chef',	'2024-05-01 14:34:54'),
(48,	'ANN',	'EVANS',	27,	'ANN.EVANS@chef.org',	'6965213381',	'1997-02-28',	10,	'C chef',	'2024-05-01 14:35:10'),
(49,	'JOYCE',	'EDWARDS',	20,	'JOYCE.EDWARDS@chef.org',	'6981177629',	'2003-05-08',	5,	'Chef Assistant',	'2024-05-01 14:34:39'),
(50,	'DIANE',	'COLLINS',	48,	'DIANE.COLLINS@chef.org',	'6910248004',	'1975-04-06',	7,	'C chef',	'2024-05-01 14:35:10'),
(51,	'ALICE',	'STEWART',	27,	'ALICE.STEWART@chef.org',	'6977071381',	'1996-04-03',	9,	'Master chef',	'2024-05-01 14:35:22'),
(52,	'JULIE',	'SANCHEZ',	63,	'JULIE.SANCHEZ@chef.org',	'6977916802',	'1960-06-30',	1,	'A chef',	'2024-05-01 14:34:54'),
(53,	'HEATHER',	'MORRIS',	35,	'HEATHER.MORRIS@chef.org',	'6915836989',	'1988-09-17',	8,	'B chef',	'2024-05-01 14:35:05'),
(54,	'TERESA',	'ROGERS',	57,	'TERESA.ROGERS@chef.org',	'6955809912',	'1967-01-27',	8,	'B chef',	'2024-05-01 14:35:05'),
(55,	'DORIS',	'REED',	24,	'DORIS.REED@chef.org',	'6931538593',	'1999-03-27',	4,	'Chef Assistant',	'2024-05-01 14:34:39'),
(56,	'GLORIA',	'COOK',	24,	'GLORIA.COOK@chef.org',	'6990263235',	'1999-12-11',	5,	'A chef',	'2024-05-01 14:34:54'),
(57,	'EVELYN',	'MORGAN',	27,	'EVELYN.MORGAN@chef.org',	'6956700399',	'1997-01-06',	5,	'C chef',	'2024-05-01 14:35:10'),
(58,	'JEAN',	'BELL',	43,	'JEAN.BELL@chef.org',	'6912712295',	'1980-04-03',	6,	'Master chef',	'2024-05-01 14:35:22'),
(59,	'CHERYL',	'MURPHY',	29,	'CHERYL.MURPHY@chef.org',	'6993460282',	'1995-03-23',	7,	'Chef Assistant',	'2024-05-01 14:34:39'),
(60,	'MILDRED',	'BAILEY',	38,	'MILDRED.BAILEY@chef.org',	'6929164527',	'1985-05-05',	6,	'C chef',	'2024-05-01 14:35:10'),
(61,	'KATHERINE',	'RIVERA',	43,	'KATHERINE.RIVERA@chef.org',	'6965441793',	'1981-01-18',	9,	'A chef',	'2024-05-01 14:34:54'),
(62,	'JOAN',	'COOPER',	35,	'JOAN.COOPER@chef.org',	'6939715389',	'1989-03-22',	8,	'B chef',	'2024-05-01 14:35:05'),
(63,	'ASHLEY',	'RICHARDSON',	26,	'ASHLEY.RICHARDSON@chef.org',	'6922515669',	'1997-12-16',	2,	'C chef',	'2024-05-01 14:35:10'),
(64,	'JUDITH',	'COX',	52,	'JUDITH.COX@chef.org',	'6992111670',	'1972-02-13',	3,	'B chef',	'2024-05-01 14:35:05'),
(65,	'ROSE',	'HOWARD',	27,	'ROSE.HOWARD@chef.org',	'6953803656',	'1996-09-23',	10,	'Chef Assistant',	'2024-05-01 14:34:39'),
(66,	'JANICE',	'WARD',	51,	'JANICE.WARD@chef.org',	'6992683271',	'1972-04-10',	10,	'B chef',	'2024-05-01 14:35:05'),
(67,	'KELLY',	'TORRES',	23,	'KELLY.TORRES@chef.org',	'6920053912',	'2001-03-14',	1,	'Chef Assistant',	'2024-05-01 14:34:39'),
(68,	'NICOLE',	'PETERSON',	30,	'NICOLE.PETERSON@chef.org',	'6931977145',	'1994-03-03',	6,	'B chef',	'2024-05-01 14:35:05'),
(69,	'JUDY',	'GRAY',	61,	'JUDY.GRAY@chef.org',	'6953869557',	'1962-03-31',	3,	'C chef',	'2024-05-01 14:35:10'),
(70,	'CHRISTINA',	'RAMIREZ',	20,	'CHRISTINA.RAMIREZ@chef.org',	'6973416352',	'2003-09-22',	9,	'Chef Assistant',	'2024-05-01 14:34:39'),
(71,	'KATHY',	'JAMES',	32,	'KATHY.JAMES@chef.org',	'6954730919',	'1991-11-16',	3,	'B chef',	'2024-05-01 14:35:05'),
(72,	'THERESA',	'WATSON',	36,	'THERESA.WATSON@chef.org',	'6971164065',	'1988-03-15',	10,	'B chef',	'2024-05-01 14:35:05'),
(73,	'BEVERLY',	'BROOKS',	63,	'BEVERLY.BROOKS@chef.org',	'6919162759',	'1960-05-23',	9,	'C chef',	'2024-05-01 14:35:10'),
(74,	'DENISE',	'KELLY',	56,	'DENISE.KELLY@chef.org',	'6974464582',	'1967-05-10',	6,	'B chef',	'2024-05-01 14:35:05'),
(75,	'TAMMY',	'SANDERS',	28,	'TAMMY.SANDERS@chef.org',	'6914834637',	'1995-08-05',	10,	'Master chef',	'2024-05-01 14:35:22'),
(76,	'IRENE',	'PRICE',	43,	'IRENE.PRICE@chef.org',	'6950779442',	'1980-11-24',	1,	'B chef',	'2024-05-01 14:35:05'),
(77,	'JANE',	'BENNETT',	21,	'JANE.BENNETT@chef.org',	'6993933030',	'2002-09-17',	7,	'Chef Assistant',	'2024-05-01 14:34:39'),
(78,	'LORI',	'WOOD',	48,	'LORI.WOOD@chef.org',	'6994628190',	'1975-11-11',	9,	'B chef',	'2024-05-01 14:35:05'),
(79,	'RACHEL',	'BARNES',	23,	'RACHEL.BARNES@chef.org',	'6944961046',	'2001-03-05',	6,	'A chef',	'2024-05-01 14:34:54'),
(80,	'MARILYN',	'ROSS',	40,	'MARILYN.ROSS@chef.org',	'6940920664',	'1983-04-14',	10,	'C chef',	'2024-05-01 14:35:10'),
(81,	'ANDREA',	'HENDERSON',	26,	'ANDREA.HENDERSON@chef.org',	'6969720187',	'1997-11-24',	2,	'A chef',	'2024-05-01 14:34:54'),
(82,	'KATHRYN',	'COLEMAN',	34,	'KATHRYN.COLEMAN@chef.org',	'6925838943',	'1989-08-21',	8,	'B chef',	'2024-05-01 14:35:05'),
(83,	'LOUISE',	'JENKINS',	29,	'LOUISE.JENKINS@chef.org',	'6920034160',	'1994-06-28',	5,	'Chef Assistant',	'2024-05-01 14:34:39'),
(84,	'SARA',	'PERRY',	25,	'SARA.PERRY@chef.org',	'6922653976',	'1998-07-17',	9,	'B chef',	'2024-05-01 14:35:05'),
(85,	'ANNE',	'POWELL',	20,	'ANNE.POWELL@chef.org',	'6953167402',	'2004-03-24',	8,	'B chef',	'2024-05-01 14:35:05'),
(86,	'JACQUELINE',	'LONG',	48,	'JACQUELINE.LONG@chef.org',	'6997875086',	'1975-07-07',	6,	'Chef Assistant',	'2024-05-01 14:34:39'),
(87,	'WANDA',	'PATTERSON',	29,	'WANDA.PATTERSON@chef.org',	'6929873228',	'1994-11-22',	4,	'Master chef',	'2024-05-01 14:35:22'),
(88,	'BONNIE',	'HUGHES',	26,	'BONNIE.HUGHES@chef.org',	'6955740886',	'1997-12-01',	2,	'A chef',	'2024-05-01 14:34:54'),
(89,	'JULIA',	'FLORES',	24,	'JULIA.FLORES@chef.org',	'6989084748',	'1999-11-28',	6,	'A chef',	'2024-05-01 14:34:54'),
(90,	'RUBY',	'WASHINGTON',	23,	'RUBY.WASHINGTON@chef.org',	'6978201087',	'2000-10-11',	4,	'Chef Assistant',	'2024-05-01 14:34:39'),
(91,	'LOIS',	'BUTLER',	25,	'LOIS.BUTLER@chef.org',	'6923751195',	'1999-03-06',	4,	'Chef Assistant',	'2024-05-01 14:34:39'),
(92,	'TINA',	'SIMMONS',	35,	'TINA.SIMMONS@chef.org',	'6984152717',	'1988-07-15',	5,	'Chef Assistant',	'2024-05-01 14:34:39'),
(93,	'PHYLLIS',	'FOSTER',	39,	'PHYLLIS.FOSTER@chef.org',	'6949510004',	'1985-03-02',	5,	'C chef',	'2024-05-01 14:35:10'),
(94,	'NORMA',	'GONZALES',	24,	'NORMA.GONZALES@chef.org',	'6995091872',	'2000-03-20',	9,	'A chef',	'2024-05-01 14:34:54'),
(95,	'PAULA',	'BRYANT',	28,	'PAULA.BRYANT@chef.org',	'6926929351',	'1995-07-31',	9,	'B chef',	'2024-05-01 14:35:05'),
(96,	'DIANA',	'ALEXANDER',	51,	'DIANA.ALEXANDER@chef.org',	'6949371144',	'1972-03-29',	8,	'B chef',	'2024-05-01 14:35:05'),
(97,	'ANNIE',	'RUSSELL',	19,	'ANNIE.RUSSELL@chef.org',	'6966067670',	'2004-06-23',	1,	'B chef',	'2024-05-01 14:35:05'),
(98,	'LILLIAN',	'GRIFFIN',	58,	'LILLIAN.GRIFFIN@chef.org',	'6982224921',	'1965-08-26',	10,	'B chef',	'2024-05-01 14:35:05'),
(99,	'EMILY',	'DIAZ',	34,	'EMILY.DIAZ@chef.org',	'6912921600',	'1989-11-02',	6,	'Master chef',	'2024-05-01 14:35:22'),
(100,	'ROBIN',	'HAYES',	22,	'ROBIN.HAYES@chef.org',	'6917933240',	'2002-03-24',	10,	'A chef',	'2024-05-01 14:34:54'),
(101,	'PEGGY',	'MYERS',	32,	'PEGGY.MYERS@chef.org',	'6950901405',	'1991-08-13',	3,	'C chef',	'2024-05-01 14:35:10'),
(102,	'CRYSTAL',	'FORD',	32,	'CRYSTAL.FORD@chef.org',	'6907073074',	'1991-05-24',	4,	'B chef',	'2024-05-01 14:35:05'),
(103,	'GLADYS',	'HAMILTON',	47,	'GLADYS.HAMILTON@chef.org',	'6950832324',	'1977-02-16',	9,	'Master chef',	'2024-05-01 14:35:22'),
(104,	'RITA',	'GRAHAM',	27,	'RITA.GRAHAM@chef.org',	'6952039701',	'1996-06-16',	3,	'C chef',	'2024-05-01 14:35:10'),
(105,	'DAWN',	'SULLIVAN',	23,	'DAWN.SULLIVAN@chef.org',	'6977015399',	'2000-11-24',	7,	'C chef',	'2024-05-01 14:35:10'),
(106,	'CONNIE',	'WALLACE',	59,	'CONNIE.WALLACE@chef.org',	'6982388596',	'1965-02-13',	7,	'A chef',	'2024-05-01 14:34:54'),
(107,	'FLORENCE',	'WOODS',	26,	'FLORENCE.WOODS@chef.org',	'6988838367',	'1997-11-27',	4,	'Chef Assistant',	'2024-05-01 14:34:39'),
(108,	'TRACY',	'COLE',	25,	'TRACY.COLE@chef.org',	'6997026051',	'1999-03-05',	7,	'C chef',	'2024-05-01 14:35:10'),
(109,	'EDNA',	'WEST',	27,	'EDNA.WEST@chef.org',	'6918615155',	'1997-02-20',	5,	'B chef',	'2024-05-01 14:35:05'),
(110,	'TIFFANY',	'JORDAN',	41,	'TIFFANY.JORDAN@chef.org',	'6919976251',	'1983-03-09',	2,	'B chef',	'2024-05-01 14:35:05'),
(111,	'CARMEN',	'OWENS',	59,	'CARMEN.OWENS@chef.org',	'6954142663',	'1964-07-01',	3,	'C chef',	'2024-05-01 14:35:10'),
(112,	'ROSA',	'REYNOLDS',	21,	'ROSA.REYNOLDS@chef.org',	'6964720446',	'2002-12-11',	8,	'C chef',	'2024-05-01 14:35:10'),
(113,	'CINDY',	'FISHER',	43,	'CINDY.FISHER@chef.org',	'6961174245',	'1981-03-22',	1,	'C chef',	'2024-05-01 14:35:10'),
(114,	'GRACE',	'ELLIS',	41,	'GRACE.ELLIS@chef.org',	'6911709891',	'1982-04-13',	2,	'Chef Assistant',	'2024-05-01 14:34:39'),
(115,	'WENDY',	'HARRISON',	61,	'WENDY.HARRISON@chef.org',	'6975026722',	'1962-09-28',	4,	'Master chef',	'2024-05-01 14:35:22'),
(116,	'VICTORIA',	'GIBSON',	27,	'VICTORIA.GIBSON@chef.org',	'6940003943',	'1996-11-13',	6,	'C chef',	'2024-05-01 14:35:10'),
(117,	'EDITH',	'MCDONALD',	23,	'EDITH.MCDONALD@chef.org',	'6974939552',	'2001-02-10',	8,	'A chef',	'2024-05-01 14:34:54'),
(118,	'KIM',	'CRUZ',	59,	'KIM.CRUZ@chef.org',	'6954685932',	'1964-12-12',	1,	'A chef',	'2024-05-01 14:34:54'),
(119,	'SHERRY',	'MARSHALL',	27,	'SHERRY.MARSHALL@chef.org',	'6948611009',	'1996-05-28',	9,	'A chef',	'2024-05-01 14:34:54'),
(120,	'SYLVIA',	'ORTIZ',	32,	'SYLVIA.ORTIZ@chef.org',	'6978997252',	'1992-03-10',	4,	'C chef',	'2024-05-01 14:35:10'),
(121,	'JOSEPHINE',	'GOMEZ',	57,	'JOSEPHINE.GOMEZ@chef.org',	'6949153235',	'1966-09-21',	10,	'Master chef',	'2024-05-01 14:35:22'),
(122,	'THELMA',	'MURRAY',	37,	'THELMA.MURRAY@chef.org',	'6987744240',	'1987-01-20',	9,	'A chef',	'2024-05-01 14:34:54'),
(123,	'SHANNON',	'FREEMAN',	39,	'SHANNON.FREEMAN@chef.org',	'6996412417',	'1985-02-02',	4,	'Master chef',	'2024-05-01 14:35:22'),
(124,	'SHEILA',	'WELLS',	19,	'SHEILA.WELLS@chef.org',	'6955738816',	'2004-04-16',	4,	'Chef Assistant',	'2024-05-01 14:34:39'),
(125,	'ETHEL',	'WEBB',	53,	'ETHEL.WEBB@chef.org',	'6989456835',	'1971-03-08',	7,	'Master chef',	'2024-05-01 14:35:22'),
(126,	'ELLEN',	'SIMPSON',	51,	'ELLEN.SIMPSON@chef.org',	'6980067730',	'1973-01-16',	2,	'B chef',	'2024-05-01 14:35:05'),
(127,	'ELAINE',	'STEVENS',	32,	'ELAINE.STEVENS@chef.org',	'6931968150',	'1991-09-04',	7,	'Chef Assistant',	'2024-05-01 14:34:39'),
(128,	'MARJORIE',	'TUCKER',	35,	'MARJORIE.TUCKER@chef.org',	'6919637562',	'1989-03-26',	2,	'B chef',	'2024-05-01 14:35:05'),
(129,	'CARRIE',	'PORTER',	58,	'CARRIE.PORTER@chef.org',	'6922833645',	'1966-02-21',	6,	'B chef',	'2024-05-01 14:35:05'),
(130,	'CHARLOTTE',	'HUNTER',	31,	'CHARLOTTE.HUNTER@chef.org',	'6952504138',	'1993-01-04',	3,	'Master chef',	'2024-05-01 14:35:22'),
(131,	'MONICA',	'HICKS',	52,	'MONICA.HICKS@chef.org',	'6955670600',	'1971-08-19',	8,	'C chef',	'2024-05-01 14:35:10'),
(132,	'ESTHER',	'CRAWFORD',	60,	'ESTHER.CRAWFORD@chef.org',	'6920840589',	'1964-02-12',	9,	'A chef',	'2024-05-01 14:34:54'),
(133,	'PAULINE',	'HENRY',	33,	'PAULINE.HENRY@chef.org',	'6937191149',	'1990-09-12',	2,	'Master chef',	'2024-05-01 14:35:22'),
(134,	'EMMA',	'BOYD',	58,	'EMMA.BOYD@chef.org',	'6923433983',	'1966-02-18',	4,	'Chef Assistant',	'2024-05-01 14:34:39'),
(135,	'JUANITA',	'MASON',	35,	'JUANITA.MASON@chef.org',	'6955964727',	'1988-07-31',	1,	'C chef',	'2024-05-01 14:35:10'),
(136,	'ANITA',	'MORALES',	29,	'ANITA.MORALES@chef.org',	'6957680415',	'1994-06-30',	3,	'Chef Assistant',	'2024-05-01 14:34:39'),
(137,	'RHONDA',	'KENNEDY',	22,	'RHONDA.KENNEDY@chef.org',	'6971612660',	'2001-09-24',	10,	'C chef',	'2024-05-01 14:35:10'),
(138,	'HAZEL',	'WARREN',	49,	'HAZEL.WARREN@chef.org',	'6985022060',	'1975-03-05',	2,	'Master chef',	'2024-05-01 14:35:22'),
(139,	'AMBER',	'DIXON',	23,	'AMBER.DIXON@chef.org',	'6910272325',	'2000-09-05',	8,	'C chef',	'2024-05-01 14:35:10'),
(140,	'EVA',	'RAMOS',	41,	'EVA.RAMOS@chef.org',	'6996295449',	'1982-11-12',	3,	'A chef',	'2024-05-01 14:34:54'),
(141,	'DEBBIE',	'REYES',	26,	'DEBBIE.REYES@chef.org',	'6950660271',	'1997-04-17',	2,	'A chef',	'2024-05-01 14:34:54'),
(142,	'APRIL',	'BURNS',	36,	'APRIL.BURNS@chef.org',	'6964415012',	'1987-11-14',	9,	'A chef',	'2024-05-01 14:34:54'),
(143,	'LESLIE',	'GORDON',	36,	'LESLIE.GORDON@chef.org',	'6970094252',	'1987-06-21',	1,	'Chef Assistant',	'2024-05-01 14:34:39'),
(144,	'CLARA',	'SHAW',	55,	'CLARA.SHAW@chef.org',	'6957226229',	'1968-09-26',	5,	'Master chef',	'2024-05-01 14:35:22'),
(145,	'LUCILLE',	'HOLMES',	57,	'LUCILLE.HOLMES@chef.org',	'6975848390',	'1966-04-13',	4,	'C chef',	'2024-05-01 14:35:10'),
(146,	'JAMIE',	'RICE',	59,	'JAMIE.RICE@chef.org',	'6975632658',	'1965-03-13',	4,	'Master chef',	'2024-05-01 14:35:22'),
(147,	'JOANNE',	'ROBERTSON',	57,	'JOANNE.ROBERTSON@chef.org',	'6910271162',	'1967-02-20',	8,	'A chef',	'2024-05-01 14:34:54'),
(148,	'ELEANOR',	'HUNT',	44,	'ELEANOR.HUNT@chef.org',	'6928666017',	'1980-02-07',	7,	'Chef Assistant',	'2024-05-01 14:34:39'),
(149,	'VALERIE',	'BLACK',	30,	'VALERIE.BLACK@chef.org',	'6912516602',	'1994-02-03',	9,	'Master chef',	'2024-05-01 14:35:22'),
(150,	'DANIELLE',	'DANIELS',	44,	'DANIELLE.DANIELS@chef.org',	'6976584962',	'1980-02-25',	5,	'B chef',	'2024-05-01 14:35:05');

DROP TABLE IF EXISTS `contests`;
CREATE TABLE `contests` (
  `id` int(11) NOT NULL AUTO_INCREMENT,
  `episode_id` int(11) NOT NULL,
  `chef_id` int(11) NOT NULL,
  `updated_at` timestamp NOT NULL DEFAULT current_timestamp() ON UPDATE current_timestamp(),
  PRIMARY KEY (`id`),
  KEY `episode_id` (`episode_id`),
  KEY `chef_id` (`chef_id`),
  CONSTRAINT `contests_ibfk_1` FOREIGN KEY (`episode_id`) REFERENCES `episodes` (`id`),
  CONSTRAINT `contests_ibfk_2` FOREIGN KEY (`chef_id`) REFERENCES `chef` (`id`)
) ENGINE=InnoDB DEFAULT CHARSET=utf8mb4;


DROP TABLE IF EXISTS `episodes`;
CREATE TABLE `episodes` (
  `id` int(11) NOT NULL AUTO_INCREMENT,
  `season` varchar(5) NOT NULL,
  `episode` varchar(5) NOT NULL,
  `updated_at` timestamp NOT NULL DEFAULT current_timestamp() ON UPDATE current_timestamp(),
  PRIMARY KEY (`id`)
) ENGINE=InnoDB DEFAULT CHARSET=utf8mb4;

INSERT INTO `episodes` (`id`, `season`, `episode`, `updated_at`) VALUES
(1,	'01',	'01',	'2024-04-29 12:47:09'),
(2,	'01',	'02',	'2024-04-29 12:47:16'),
(3,	'01',	'03',	'2024-04-29 12:47:19'),
(4,	'01',	'04',	'2024-04-29 12:47:23'),
(5,	'01',	'05',	'2024-04-29 12:47:31'),
(6,	'01',	'06',	'2024-04-29 12:47:36'),
(7,	'01',	'07',	'2024-04-29 12:47:41'),
(8,	'01',	'08',	'2024-04-29 12:47:46'),
(9,	'01',	'09',	'2024-04-29 12:47:50'),
(10,	'01',	'10',	'2024-04-29 12:47:54');

DROP TABLE IF EXISTS `equipment`;
CREATE TABLE `equipment` (
  `id` int(11) NOT NULL AUTO_INCREMENT,
  `name` varchar(45) NOT NULL,
  `usage_insrtuctions` text NOT NULL,
  `updated_at` timestamp NOT NULL DEFAULT current_timestamp() ON UPDATE current_timestamp(),
  PRIMARY KEY (`id`)
) ENGINE=InnoDB DEFAULT CHARSET=utf8mb4;

INSERT INTO `equipment` (`id`, `name`, `usage_insrtuctions`, `updated_at`) VALUES
(1,	'Pan',	'Heat evenly before adding ingredients.',	'2024-04-29 13:07:19'),
(2,	'Pot',	'Boil water or cook soups and stews.',	'2024-04-29 13:07:19'),
(3,	'Knife',	'Use for chopping, slicing, and dicing.',	'2024-04-29 13:07:19'),
(4,	'Cutting board',	'Place ingredients for chopping.',	'2024-04-29 13:07:19'),
(5,	'Spatula',	'Flip and lift food while cooking.',	'2024-04-29 13:07:19'),
(6,	'Whisk',	'Beat eggs or mix ingredients.',	'2024-04-29 13:07:19'),
(7,	'Measuring cup',	'Measure liquid or dry ingredients accurately.',	'2024-04-29 13:07:19'),
(8,	'Mixing bowl',	'Combine ingredients thoroughly.',	'2024-04-29 13:07:19'),
(9,	'Colander',	'Strain pasta or rinse vegetables.',	'2024-04-29 13:07:19'),
(10,	'Grater',	'Grate cheese, vegetables, or spices.',	'2024-04-29 13:07:19'),
(11,	'Blender',	'Blend fruits, vegetables, or ice.',	'2024-04-29 13:07:33'),
(12,	'Toaster',	'Toast bread slices to desired crispness.',	'2024-04-29 13:07:33'),
(13,	'Oven',	'Bake, roast, or broil various dishes.',	'2024-04-29 13:07:33'),
(14,	'Microwave',	'Quickly heat or cook food.',	'2024-04-29 13:07:33'),
(15,	'Mixer',	'Mix batter for cakes or cookies.',	'2024-04-29 13:07:33'),
(16,	'Can opener',	'Open cans to access ingredients.',	'2024-04-29 13:07:33'),
(17,	'Strainer',	'Separate liquid from solid ingredients.',	'2024-04-29 13:07:33'),
(18,	'Tongs',	'Grip and lift food items safely.',	'2024-04-29 13:07:33'),
(19,	'Rolling pin',	'Roll out dough for pastries or pasta.',	'2024-04-29 13:07:33'),
(20,	'Peeler',	'Remove skins from fruits or vegetables.',	'2024-04-29 13:07:33'),
(21,	'Juicer',	'Extract juice from fruits or vegetables.',	'2024-04-29 13:07:33'),
(22,	'Scale',	'Measure ingredients accurately by weight.',	'2024-04-29 13:07:33'),
(23,	'Timer',	'Set cooking or baking durations.',	'2024-04-29 13:07:33'),
(24,	'Basting brush',	'Apply marinades or sauces.',	'2024-04-29 13:07:33'),
(25,	'Meat thermometer',	'Check internal temperature of meats.',	'2024-04-29 13:07:33'),
(26,	'Pastry brush',	'Brush pastry with egg wash or glaze.',	'2024-04-29 13:07:33'),
(27,	'Corkscrew',	'Open wine or champagne bottles.',	'2024-04-29 13:07:33'),
(28,	'Garlic press',	'Crush garlic cloves for seasoning.',	'2024-04-29 13:07:33'),
(29,	'Ice cream scoop',	'Scoop ice cream into servings.',	'2024-04-29 13:07:33'),
(30,	'Salad spinner',	'Rinse and dry salad greens thoroughly.',	'2024-04-29 13:07:33');

DROP TABLE IF EXISTS `equipment_requirements`;
CREATE TABLE `equipment_requirements` (
  `id` int(11) NOT NULL AUTO_INCREMENT,
  `recipe_id` int(11) NOT NULL,
  `equipment_id` int(11) NOT NULL,
  `quantity` tinyint(4) NOT NULL,
  `updated_at` timestamp NOT NULL DEFAULT current_timestamp() ON UPDATE current_timestamp(),
  PRIMARY KEY (`id`),
  KEY `eq` (`equipment_id`),
  KEY `recipe_id` (`recipe_id`),
  CONSTRAINT `eq` FOREIGN KEY (`equipment_id`) REFERENCES `equipment` (`id`),
  CONSTRAINT `equipment_requirements_ibfk_1` FOREIGN KEY (`recipe_id`) REFERENCES `recipes` (`id`)
) ENGINE=InnoDB DEFAULT CHARSET=utf8mb4;

INSERT INTO `equipment_requirements` (`id`, `recipe_id`, `equipment_id`, `quantity`, `updated_at`) VALUES
(1,	1,	1,	1,	'2024-04-29 13:13:56'),
(2,	1,	7,	1,	'2024-04-29 13:13:56'),
(3,	1,	11,	1,	'2024-04-29 13:13:56'),
(4,	2,	1,	1,	'2024-04-29 13:13:56'),
(5,	2,	14,	1,	'2024-04-29 13:13:56'),
(6,	2,	15,	1,	'2024-04-29 13:13:56'),
(7,	3,	2,	1,	'2024-04-29 13:13:56'),
(8,	3,	8,	1,	'2024-04-29 13:13:56'),
(9,	3,	17,	1,	'2024-04-29 13:13:56'),
(10,	4,	2,	1,	'2024-04-29 13:13:56'),
(11,	4,	3,	1,	'2024-04-29 13:13:56'),
(12,	4,	6,	1,	'2024-04-29 13:13:56'),
(13,	5,	16,	1,	'2024-04-29 13:13:56'),
(14,	5,	18,	1,	'2024-04-29 13:13:56'),
(15,	5,	20,	1,	'2024-04-29 13:13:56'),
(16,	6,	1,	1,	'2024-04-29 13:13:56'),
(17,	6,	5,	1,	'2024-04-29 13:13:56'),
(18,	6,	9,	1,	'2024-04-29 13:13:56'),
(19,	7,	1,	1,	'2024-04-29 13:13:56'),
(20,	7,	4,	1,	'2024-04-29 13:13:56'),
(21,	7,	13,	1,	'2024-04-29 13:13:56'),
(22,	8,	1,	1,	'2024-04-29 13:13:56'),
(23,	8,	2,	1,	'2024-04-29 13:13:56'),
(24,	8,	12,	1,	'2024-04-29 13:13:56'),
(25,	9,	1,	1,	'2024-04-29 13:13:56'),
(26,	9,	4,	1,	'2024-04-29 13:13:56'),
(27,	9,	19,	1,	'2024-04-29 13:13:56'),
(28,	10,	2,	1,	'2024-04-29 13:13:56'),
(29,	10,	10,	1,	'2024-04-29 13:13:56'),
(30,	10,	16,	1,	'2024-04-29 13:13:56'),
(31,	11,	1,	1,	'2024-04-29 13:15:53'),
(32,	11,	2,	1,	'2024-04-29 13:15:53'),
(33,	11,	5,	1,	'2024-04-29 13:15:53'),
(34,	12,	1,	1,	'2024-04-29 13:15:53'),
(35,	12,	3,	1,	'2024-04-29 13:15:53'),
(36,	12,	7,	1,	'2024-04-29 13:15:53'),
(37,	13,	2,	1,	'2024-04-29 13:15:53'),
(38,	13,	4,	1,	'2024-04-29 13:15:53'),
(39,	13,	11,	1,	'2024-04-29 13:15:53'),
(40,	14,	2,	1,	'2024-04-29 13:15:53'),
(41,	14,	6,	1,	'2024-04-29 13:15:53'),
(42,	14,	13,	1,	'2024-04-29 13:15:53'),
(43,	15,	1,	1,	'2024-04-29 13:15:53'),
(44,	15,	4,	1,	'2024-04-29 13:15:53'),
(45,	15,	17,	1,	'2024-04-29 13:15:53'),
(46,	16,	2,	1,	'2024-04-29 13:15:53'),
(47,	16,	8,	1,	'2024-04-29 13:15:53'),
(48,	16,	15,	1,	'2024-04-29 13:15:53'),
(49,	17,	3,	1,	'2024-04-29 13:15:53'),
(50,	17,	11,	1,	'2024-04-29 13:15:53'),
(51,	17,	18,	1,	'2024-04-29 13:15:53'),
(52,	18,	1,	1,	'2024-04-29 13:15:53'),
(53,	18,	12,	1,	'2024-04-29 13:15:53'),
(54,	18,	20,	1,	'2024-04-29 13:15:53'),
(55,	19,	1,	1,	'2024-04-29 13:15:53'),
(56,	19,	4,	1,	'2024-04-29 13:15:53'),
(57,	19,	19,	1,	'2024-04-29 13:15:53'),
(58,	20,	2,	1,	'2024-04-29 13:15:53'),
(59,	20,	13,	1,	'2024-04-29 13:15:53'),
(60,	20,	16,	1,	'2024-04-29 13:15:53'),
(61,	21,	2,	1,	'2024-04-29 13:16:58'),
(62,	21,	3,	1,	'2024-04-29 13:16:58'),
(63,	21,	6,	1,	'2024-04-29 13:16:58'),
(64,	22,	1,	1,	'2024-04-29 13:16:58'),
(65,	22,	9,	1,	'2024-04-29 13:16:58'),
(66,	22,	11,	1,	'2024-04-29 13:16:58'),
(67,	23,	2,	1,	'2024-04-29 13:16:58'),
(68,	23,	4,	1,	'2024-04-29 13:16:58'),
(69,	23,	15,	1,	'2024-04-29 13:16:58'),
(70,	24,	2,	1,	'2024-04-29 13:16:58'),
(71,	24,	10,	1,	'2024-04-29 13:16:58'),
(72,	24,	17,	1,	'2024-04-29 13:16:58'),
(73,	25,	1,	1,	'2024-04-29 13:16:58'),
(74,	25,	3,	1,	'2024-04-29 13:16:58'),
(75,	25,	19,	1,	'2024-04-29 13:16:58'),
(76,	26,	1,	1,	'2024-04-29 13:16:58'),
(77,	26,	4,	1,	'2024-04-29 13:16:58'),
(78,	26,	13,	1,	'2024-04-29 13:16:58'),
(79,	27,	2,	1,	'2024-04-29 13:16:58'),
(80,	27,	6,	1,	'2024-04-29 13:16:58'),
(81,	27,	14,	1,	'2024-04-29 13:16:58'),
(82,	28,	1,	1,	'2024-04-29 13:16:58'),
(83,	28,	4,	1,	'2024-04-29 13:16:58'),
(84,	28,	20,	1,	'2024-04-29 13:16:58'),
(85,	29,	1,	1,	'2024-04-29 13:16:58'),
(86,	29,	5,	1,	'2024-04-29 13:16:58'),
(87,	29,	7,	1,	'2024-04-29 13:16:58'),
(88,	30,	1,	1,	'2024-04-29 13:16:58'),
(89,	30,	2,	1,	'2024-04-29 13:16:58'),
(90,	30,	8,	1,	'2024-04-29 13:16:58'),
(91,	31,	2,	1,	'2024-04-29 13:17:56'),
(92,	31,	12,	1,	'2024-04-29 13:17:56'),
(93,	31,	17,	1,	'2024-04-29 13:17:56'),
(94,	32,	2,	1,	'2024-04-29 13:17:56'),
(95,	32,	10,	1,	'2024-04-29 13:17:56'),
(96,	32,	15,	1,	'2024-04-29 13:17:56'),
(97,	33,	2,	1,	'2024-04-29 13:17:56'),
(98,	33,	3,	1,	'2024-04-29 13:17:56'),
(99,	33,	16,	1,	'2024-04-29 13:17:56'),
(100,	34,	2,	1,	'2024-04-29 13:17:56'),
(101,	34,	4,	1,	'2024-04-29 13:17:56'),
(102,	34,	20,	1,	'2024-04-29 13:17:56'),
(103,	35,	2,	1,	'2024-04-29 13:17:56'),
(104,	35,	14,	1,	'2024-04-29 13:17:56'),
(105,	35,	19,	1,	'2024-04-29 13:17:56'),
(106,	36,	2,	1,	'2024-04-29 13:17:56'),
(107,	36,	7,	1,	'2024-04-29 13:17:56'),
(108,	36,	13,	1,	'2024-04-29 13:17:56'),
(109,	37,	1,	1,	'2024-04-29 13:17:56'),
(110,	37,	6,	1,	'2024-04-29 13:17:56'),
(111,	37,	17,	1,	'2024-04-29 13:17:56'),
(112,	38,	1,	1,	'2024-04-29 13:17:56'),
(113,	38,	5,	1,	'2024-04-29 13:17:56'),
(114,	38,	11,	1,	'2024-04-29 13:17:56'),
(115,	39,	2,	1,	'2024-04-29 13:17:56'),
(116,	39,	8,	1,	'2024-04-29 13:17:56'),
(117,	39,	12,	1,	'2024-04-29 13:17:56'),
(118,	40,	2,	1,	'2024-04-29 13:17:56'),
(119,	40,	3,	1,	'2024-04-29 13:17:56'),
(120,	40,	6,	1,	'2024-04-29 13:17:56'),
(121,	41,	2,	1,	'2024-04-29 13:18:57'),
(122,	41,	3,	1,	'2024-04-29 13:18:57'),
(123,	41,	17,	1,	'2024-04-29 13:18:57'),
(124,	42,	2,	1,	'2024-04-29 13:18:57'),
(125,	42,	4,	1,	'2024-04-29 13:18:57'),
(126,	42,	15,	1,	'2024-04-29 13:18:57'),
(127,	43,	1,	1,	'2024-04-29 13:18:57'),
(128,	43,	16,	1,	'2024-04-29 13:18:57'),
(129,	43,	20,	1,	'2024-04-29 13:18:57'),
(130,	44,	1,	1,	'2024-04-29 13:18:57'),
(131,	44,	5,	1,	'2024-04-29 13:18:57'),
(132,	44,	11,	1,	'2024-04-29 13:18:57'),
(133,	45,	1,	1,	'2024-04-29 13:18:57'),
(134,	45,	7,	1,	'2024-04-29 13:18:57'),
(135,	45,	13,	1,	'2024-04-29 13:18:57'),
(136,	46,	1,	1,	'2024-04-29 13:18:57'),
(137,	46,	3,	1,	'2024-04-29 13:18:57'),
(138,	46,	19,	1,	'2024-04-29 13:18:57'),
(139,	47,	1,	1,	'2024-04-29 13:18:57'),
(140,	47,	4,	1,	'2024-04-29 13:18:57'),
(141,	47,	20,	1,	'2024-04-29 13:18:57'),
(142,	48,	1,	1,	'2024-04-29 13:18:57'),
(143,	48,	6,	1,	'2024-04-29 13:18:57'),
(144,	48,	17,	1,	'2024-04-29 13:18:57'),
(145,	49,	2,	1,	'2024-04-29 13:18:57'),
(146,	49,	8,	1,	'2024-04-29 13:18:57'),
(147,	49,	12,	1,	'2024-04-29 13:18:57'),
(148,	50,	2,	1,	'2024-04-29 13:18:57'),
(149,	50,	10,	1,	'2024-04-29 13:18:57'),
(150,	50,	15,	1,	'2024-04-29 13:18:57');

DROP TABLE IF EXISTS `food_group`;
CREATE TABLE `food_group` (
  `id` int(11) NOT NULL AUTO_INCREMENT,
  `name` varchar(45) NOT NULL,
  `description` text DEFAULT NULL,
  `updated_at` timestamp NOT NULL DEFAULT current_timestamp() ON UPDATE current_timestamp(),
  PRIMARY KEY (`id`)
) ENGINE=InnoDB DEFAULT CHARSET=utf8mb4;

INSERT INTO `food_group` (`id`, `name`, `description`, `updated_at`) VALUES
(1,	'Spices and essential oils',	NULL,	'2024-03-26 09:37:18'),
(2,	'Coffee, tea and their products',	NULL,	'2024-03-26 09:39:05'),
(3,	'Preserved foods',	NULL,	'2024-03-26 09:39:41'),
(4,	'Sweeteners',	NULL,	'2024-03-26 09:39:58'),
(5,	'Fats and oils',	NULL,	'2024-03-26 09:40:14'),
(6,	'Milk, eggs and their products',	NULL,	'2024-03-26 09:40:36'),
(7,	'Meat and its products',	NULL,	'2024-03-26 09:40:51'),
(8,	'Fish and their products',	NULL,	'2024-03-26 09:41:03'),
(9,	'Cereals and their products',	NULL,	'2024-03-26 09:41:13'),
(10,	'Various foods of plant origin',	NULL,	'2024-03-26 09:41:26'),
(11,	'Products with sweeteners',	NULL,	'2024-03-26 09:41:39'),
(12,	'Various drinks',	NULL,	'2024-03-26 09:41:51');

DROP TABLE IF EXISTS `image_recipes`;
CREATE TABLE `image_recipes` (
  `id` int(11) NOT NULL AUTO_INCREMENT,
  `recipe_id` int(11) NOT NULL,
  `image_URL` text NOT NULL,
  `updated_at` timestamp NOT NULL DEFAULT current_timestamp() ON UPDATE current_timestamp(),
  PRIMARY KEY (`id`),
  KEY `recipe_id` (`recipe_id`),
  CONSTRAINT `image_recipes_ibfk_1` FOREIGN KEY (`recipe_id`) REFERENCES `recipes` (`id`)
) ENGINE=InnoDB DEFAULT CHARSET=utf8mb4;

INSERT INTO `image_recipes` (`id`, `recipe_id`, `image_URL`, `updated_at`) VALUES
(1,	1,	'https://www.themealdb.com/images/media/meals/tqtywx1468317395.jpg',	'2024-04-29 15:25:30'),
(2,	2,	'https://www.themealdb.com/images/media/meals/urtpqw1487341253.jpg',	'2024-04-29 15:25:30'),
(3,	3,	'https://www.themealdb.com/images/media/meals/ursuup1487348423.jpg',	'2024-04-29 15:25:30'),
(4,	4,	'https://www.themealdb.com/images/media/meals/wrssvt1511556563.jpg',	'2024-04-29 15:25:30'),
(5,	5,	'https://www.themealdb.com/images/media/meals/1529444830.jpg',	'2024-04-29 15:25:30'),
(6,	6,	'https://www.themealdb.com/images/media/meals/1550441882.jpg',	'2024-04-29 15:25:30'),
(7,	7,	'https://www.themealdb.com/images/media/meals/lhqev81565090111.jpg',	'2024-04-29 15:25:30'),
(8,	8,	'https://www.themealdb.com/images/media/meals/bc8v651619789840.jpg',	'2024-04-29 15:25:30'),
(9,	9,	'https://www.themealdb.com/images/media/meals/hqaejl1695738653.jpg',	'2024-04-29 15:25:30'),
(10,	10,	'https://www.themealdb.com/images/media/meals/zadvgb1699012544.jpg',	'2024-04-29 15:25:30'),
(11,	11,	'https://www.themealdb.com/images/media/meals/wyxwsp1486979827.jpg',	'2024-04-29 15:25:30'),
(12,	12,	'https://www.themealdb.com/images/media/meals/uvuyxu1503067369.jpg',	'2024-04-29 15:25:30'),
(13,	13,	'https://www.themealdb.com/images/media/meals/qstyvs1505931190.jpg',	'2024-04-29 15:25:30'),
(14,	14,	'https://www.themealdb.com/images/media/meals/uuuspp1511297945.jpg',	'2024-04-29 15:25:30'),
(15,	15,	'https://www.themealdb.com/images/media/meals/xrrtss1511555269.jpg',	'2024-04-29 15:25:30'),
(16,	16,	'https://www.themealdb.com/images/media/meals/1529446352.jpg',	'2024-04-29 15:25:30'),
(17,	17,	'https://www.themealdb.com/images/media/meals/1550442508.jpg',	'2024-04-29 15:25:30'),
(18,	18,	'https://www.themealdb.com/images/media/meals/r33cud1576791081.jpg',	'2024-04-29 15:25:30'),
(19,	19,	'https://www.themealdb.com/images/media/meals/st1ifa1583267248.jpg',	'2024-04-29 15:25:30'),
(20,	20,	'https://www.themealdb.com/images/media/meals/vc08jn1628769553.jpg',	'2024-04-29 15:25:30'),
(21,	21,	'https://www.themealdb.com/images/media/meals/wuxrtu1483564410.jpg',	'2024-04-29 15:25:30'),
(22,	22,	'https://www.themealdb.com/images/media/meals/wtqrqw1511639627.jpg',	'2024-04-29 15:25:30'),
(23,	23,	'https://www.themealdb.com/images/media/meals/rlwcc51598734603.jpg',	'2024-04-29 15:25:30'),
(24,	24,	'https://www.themealdb.com/images/media/meals/uquqtu1511178042.jpg',	'2024-04-29 15:25:30'),
(25,	25,	'https://www.themealdb.com/images/media/meals/wssvvs1511785879.jpg',	'2024-04-29 15:25:30'),
(26,	26,	'https://www.themealdb.com/images/media/meals/9f4z6v1598734293.jpg',	'2024-04-29 15:25:30'),
(27,	27,	'https://www.themealdb.com/images/media/meals/0jv5gx1661040802.jpg',	'2024-04-29 15:25:30'),
(28,	28,	'https://www.themealdb.com/images/media/meals/wuvryu1468232995.jpg',	'2024-04-29 15:25:30'),
(29,	29,	'https://www.themealdb.com/images/media/meals/xutquv1505330523.jpg',	'2024-04-29 15:25:30'),
(30,	30,	'https://www.themealdb.com/images/media/meals/xxyupu1468262513.jpg',	'2024-04-29 15:25:30'),
(31,	31,	'https://www.themealdb.com/images/media/meals/kw92t41604181871.jpg',	'2024-04-29 15:25:30'),
(32,	32,	'https://www.themealdb.com/images/media/meals/rvypwy1503069308.jpg',	'2024-04-29 15:25:30'),
(33,	33,	'https://www.themealdb.com/images/media/meals/yuwtuu1511295751.jpg',	'2024-04-29 15:25:30'),
(34,	34,	'https://www.themealdb.com/images/media/meals/sxrpws1511555907.jpg',	'2024-04-29 15:25:30'),
(35,	35,	'https://www.themealdb.com/images/media/meals/x2fw9e1560460636.jpg',	'2024-04-29 15:25:30'),
(36,	36,	'https://www.themealdb.com/images/media/meals/ssyqwr1511451678.jpg',	'2024-04-29 15:25:30'),
(37,	37,	'https://www.themealdb.com/images/media/meals/xwutvy1511555540.jpg',	'2024-04-29 15:25:30'),
(38,	38,	'https://www.themealdb.com/images/media/meals/urtqut1511723591.jpg',	'2024-04-29 15:25:30'),
(39,	39,	'https://www.themealdb.com/images/media/meals/x372ug1598733932.jpg',	'2024-04-29 15:25:30'),
(40,	40,	'https://www.themealdb.com/images/media/meals/o7p9581608589317.jpg',	'2024-04-29 15:25:30'),
(41,	41,	'https://www.themealdb.com/images/media/meals/wwuqvt1487345467.jpg',	'2024-04-29 15:25:30'),
(42,	42,	'https://www.themealdb.com/images/media/meals/1520083578.jpg',	'2024-04-29 15:25:30'),
(43,	43,	'https://www.themealdb.com/images/media/meals/rwuyqx1511383174.jpg',	'2024-04-29 15:25:30'),
(44,	44,	'https://www.themealdb.com/images/media/meals/qxuqtt1511724269.jpg',	'2024-04-29 15:25:30'),
(45,	45,	'https://www.themealdb.com/images/media/meals/qwtrtp1511799242.jpg',	'2024-04-29 15:25:30'),
(46,	46,	'https://www.themealdb.com/images/media/meals/58bkyo1593350017.jpg',	'2024-04-29 15:25:30'),
(47,	47,	'https://www.themealdb.com/images/media/meals/hglsbl1614346998.jpg',	'2024-04-29 15:25:30'),
(48,	48,	'https://www.themealdb.com/images/media/meals/ewcikl1614348364.jpg',	'2024-04-29 15:25:30'),
(49,	49,	'https://www.themealdb.com/images/media/meals/do7zps1614349775.jpg',	'2024-04-29 15:25:30'),
(50,	50,	'https://www.themealdb.com/images/media/meals/ebvuir1699013665.jpg',	'2024-04-29 15:25:30');

DROP TABLE IF EXISTS `ingredient`;
CREATE TABLE `ingredient` (
  `id` int(11) NOT NULL AUTO_INCREMENT,
  `name` varchar(45) NOT NULL,
  `food_group_id` int(11) NOT NULL,
  `updated_at` timestamp NOT NULL DEFAULT current_timestamp() ON UPDATE current_timestamp(),
  PRIMARY KEY (`id`),
  KEY `food_group_id` (`food_group_id`),
  CONSTRAINT `Ingredient_ibfk_1` FOREIGN KEY (`food_group_id`) REFERENCES `food_group` (`id`)
) ENGINE=InnoDB DEFAULT CHARSET=utf8mb4;

INSERT INTO `ingredient` (`id`, `name`, `food_group_id`, `updated_at`) VALUES
(1,	'Chicken',	7,	'2024-03-26 10:42:55'),
(2,	'Kielbasa',	7,	'2024-03-26 10:42:55'),
(3,	'Noodles',	6,	'2024-03-26 10:42:55'),
(4,	'Sausage',	7,	'2024-03-26 10:42:55'),
(5,	'Milk',	6,	'2024-03-26 10:42:55'),
(6,	'Eggs',	6,	'2024-03-26 10:42:55'),
(7,	'Potatoes',	10,	'2024-03-26 10:42:55'),
(8,	'Rice',	10,	'2024-03-26 10:42:55'),
(9,	'Beans',	10,	'2024-03-26 10:42:55'),
(10,	'Marinara Sauce',	1,	'2024-03-26 10:42:55'),
(11,	'Cheese',	6,	'2024-03-26 10:42:55'),
(12,	'Beef',	7,	'2024-03-26 10:42:55'),
(13,	'Pork',	7,	'2024-03-26 10:42:55'),
(14,	'Ham',	7,	'2024-03-26 10:42:55'),
(15,	'Bacon',	7,	'2024-03-26 10:42:55'),
(16,	'Turkey',	7,	'2024-03-26 10:42:55'),
(17,	'Beets',	10,	'2024-03-26 10:42:55'),
(18,	'Breadcrumbs',	9,	'2024-03-26 10:42:55'),
(19,	'Lentils',	10,	'2024-03-26 10:42:55'),
(20,	'Carrots',	10,	'2024-03-26 10:42:55'),
(21,	'Onion',	10,	'2024-03-26 10:42:55'),
(22,	'Buckwheat',	9,	'2024-03-26 10:42:55'),
(23,	'Flour',	9,	'2024-03-26 10:42:55'),
(24,	'Yeast',	1,	'2024-03-26 10:42:55'),
(25,	'Peas',	10,	'2024-03-26 10:42:55'),
(26,	'Apple',	10,	'2024-03-26 10:42:55'),
(27,	'Tomatoes',	10,	'2024-03-26 10:42:55'),
(28,	'Fish',	8,	'2024-03-26 10:42:55'),
(29,	'Yogurt',	6,	'2024-03-26 10:42:55'),
(30,	'Butter',	5,	'2024-03-26 10:42:55'),
(31,	'Sour Cream',	6,	'2024-03-26 10:42:55'),
(32,	'Parsnips',	10,	'2024-03-26 10:42:55'),
(33,	'Chocolate Chips',	11,	'2024-03-26 10:42:55'),
(34,	'Chickpeas',	10,	'2024-03-26 10:42:55'),
(35,	'Coconut milk',	10,	'2024-03-26 10:42:55'),
(36,	'Broccoli',	10,	'2024-03-26 10:42:55'),
(37,	'Asparagus',	10,	'2024-03-26 10:42:55'),
(38,	'Quinoa',	10,	'2024-03-26 10:42:55'),
(39,	'Brussels Sprouts ',	10,	'2024-03-26 10:42:55'),
(40,	'Sweet potato',	10,	'2024-03-26 10:42:55'),
(41,	'Cabbage',	10,	'2024-03-26 10:42:55'),
(42,	'Peanut',	10,	'2024-03-26 10:42:55'),
(43,	'Spinach',	10,	'2024-03-26 10:42:55'),
(44,	'Salmon',	8,	'2024-03-26 10:42:55'),
(45,	'Chia',	10,	'2024-03-26 10:42:55'),
(46,	'Tomatillo',	10,	'2024-03-26 10:42:55'),
(47,	'Lime',	10,	'2024-03-26 10:42:55'),
(48,	'Garlic',	10,	'2024-03-26 10:42:55'),
(49,	'Squash',	10,	'2024-03-26 10:42:55'),
(50,	'Cilantro',	10,	'2024-03-26 10:42:55'),
(51,	'Wine',	12,	'2024-03-26 10:42:55'),
(52,	'Soy Sauce',	1,	'2024-03-26 10:42:55'),
(53,	'Dijon Mustard',	1,	'2024-03-26 10:42:55'),
(54,	'Ginger',	10,	'2024-03-26 10:42:55'),
(55,	'Mango',	10,	'2024-03-26 10:42:55'),
(56,	'Raisins',	9,	'2024-03-26 10:42:55'),
(57,	'Bell Pepper',	10,	'2024-03-26 10:42:55'),
(58,	'Jalopeno Pepper',	10,	'2024-03-26 10:42:55'),
(59,	'celery',	10,	'2024-03-26 10:42:55'),
(60,	'Baking Powder',	3,	'2024-03-26 10:42:55'),
(61,	'gnocchi',	6,	'2024-03-26 10:42:55'),
(62,	'Water chestnuts',	9,	'2024-03-26 10:42:55'),
(63,	'Tuna',	8,	'2024-03-26 10:42:55'),
(64,	'Capers',	1,	'2024-03-26 10:42:55'),
(65,	'Adobo Chile',	1,	'2024-03-26 10:42:55'),
(66,	'Basil',	10,	'2024-03-26 10:42:55'),
(67,	'Kale',	10,	'2024-03-26 10:42:55'),
(68,	'Red onion',	10,	'2024-03-26 10:42:55'),
(69,	'Sardine',	8,	'2024-03-26 10:42:55'),
(70,	'Shallots',	10,	'2024-03-26 10:42:55'),
(71,	'Lemon',	10,	'2024-03-26 10:42:55'),
(72,	'Parsley',	10,	'2024-03-26 10:42:55'),
(73,	'Prosciutto',	7,	'2024-03-26 10:42:55'),
(74,	'Cucumber',	10,	'2024-03-26 10:42:55'),
(75,	'Dill',	10,	'2024-03-26 10:42:55'),
(76,	'Couscous',	10,	'2024-03-26 10:42:55'),
(77,	'Green Onion',	10,	'2024-03-26 10:42:55'),
(78,	'Tilapia',	8,	'2024-03-26 10:42:55'),
(79,	'Pesto',	1,	'2024-03-26 10:42:55'),
(80,	'Plain chocolate',	4,	'2024-03-30 11:59:38'),
(81,	'Eggplant',	10,	'2024-03-30 12:00:43'),
(82,	'Beef Brisket',	7,	'2024-03-30 12:47:03'),
(83,	'Bread',	9,	'2024-03-30 12:47:03'),
(84,	'Beetroot',	10,	'2024-03-30 12:47:03'),
(85,	'Cajun',	1,	'2024-03-30 12:47:03'),
(86,	'Olive Oil',	5,	'2024-03-30 12:47:03'),
(87,	'Chicken Stock',	6,	'2024-03-30 12:47:03'),
(88,	'Mars Bar',	3,	'2024-03-30 12:47:03'),
(89,	'Orange',	10,	'2024-03-30 12:47:03'),
(90,	'Minced Beef',	7,	'2024-03-30 12:47:03'),
(91,	'Toor dal',	9,	'2024-03-30 12:47:03'),
(92,	'Clotted Cream',	6,	'2024-03-30 12:47:03'),
(93,	'Fettuccine',	9,	'2024-03-30 12:47:03'),
(94,	'Raw king prawns',	8,	'2024-03-30 12:47:03'),
(95,	'Macaroni',	9,	'2024-03-30 12:47:03'),
(96,	'Sushi Rice',	9,	'2024-03-30 12:47:03'),
(97,	'Lamb Shoulder',	7,	'2024-03-30 12:47:03'),
(98,	'Mushrooms',	10,	'2024-03-30 12:47:03'),
(99,	'Vegetable Oil',	5,	'2024-03-30 12:47:03'),
(100,	'Mulukhiyah',	10,	'2024-03-30 12:47:03'),
(101,	'Veal',	7,	'2024-03-30 12:47:03'),
(102,	'Oxtail',	7,	'2024-03-30 12:47:03'),
(103,	'Onions',	10,	'2024-03-30 12:47:03'),
(104,	'Salt',	10,	'2024-03-30 12:47:03'),
(105,	'Egg',	6,	'2024-03-30 12:47:03'),
(106,	'Cayenne Pepper',	1,	'2024-03-30 12:47:03'),
(107,	'Chicken Breast',	6,	'2024-03-30 12:47:03'),
(108,	'Demerara Sugar',	4,	'2024-03-30 12:47:03'),
(109,	'Italian Fennel Sausages',	7,	'2024-03-30 12:47:03'),
(110,	'Minced Pork',	7,	'2024-03-30 12:47:03'),
(111,	'Water',	10,	'2024-03-30 12:47:03'),
(112,	'Plain Flour',	9,	'2024-03-30 12:47:03'),
(113,	'Leek',	10,	'2024-03-30 12:47:03'),
(114,	'Heavy Cream',	6,	'2024-03-30 12:47:03'),
(115,	'Mirin',	12,	'2024-03-30 12:47:03'),
(116,	'Red Chili',	1,	'2024-03-30 12:47:03'),
(117,	'Chestnuts',	10,	'2024-03-30 12:47:03'),
(118,	'Caster Sugar',	4,	'2024-03-30 12:47:03'),
(119,	'Red Chilli',	1,	'2024-03-30 12:47:03'),
(120,	'Beef Fillet',	7,	'2024-03-30 12:47:03'),
(121,	'Red Pepper',	10,	'2024-03-30 12:47:03'),
(122,	'Pepper',	1,	'2024-03-30 12:47:03'),
(123,	'Beef Stock',	6,	'2024-03-30 12:47:03'),
(124,	'Cinnamon Stick',	1,	'2024-03-30 12:47:03'),
(125,	'Chicken Stock Cube',	6,	'2024-03-30 12:47:03'),
(126,	'White Fish',	8,	'2024-03-30 12:47:03'),
(127,	'Rice Krispies',	9,	'2024-03-30 12:47:03'),
(128,	'Grand Marnier',	12,	'2024-03-30 12:47:03'),
(129,	'Corn Flour',	9,	'2024-03-30 12:47:03'),
(130,	'Chopped Onion',	10,	'2024-03-30 12:47:03'),
(131,	'Mustard Powder',	1,	'2024-03-30 12:47:03'),
(132,	'Pickle Juice',	10,	'2024-03-30 12:47:03'),
(133,	'Thai Red Curry Paste',	1,	'2024-03-30 12:47:03'),
(134,	'Shallots',	10,	'2024-03-30 12:47:03'),
(135,	'Spring Onions',	10,	'2024-03-30 12:47:03'),
(136,	'Courgettes',	10,	'2024-03-30 12:47:03'),
(137,	'Coriander',	10,	'2024-03-30 12:47:03'),
(138,	'Sesame Seed Oil',	5,	'2024-03-30 12:47:03'),
(139,	'Garlic Clove',	1,	'2024-03-30 12:47:03'),
(140,	'Cloves',	1,	'2024-03-30 12:47:03'),
(141,	'Chicken Legs',	6,	'2024-03-30 12:47:03'),
(142,	'Ginger Cordial',	12,	'2024-03-30 12:47:03'),
(143,	'Milk Chocolate',	6,	'2024-03-30 12:47:03'),
(144,	'Christmas Pudding',	3,	'2024-03-30 12:47:03'),
(145,	'Turmeric',	1,	'2024-03-30 12:47:03'),
(146,	'Parmesan Cheese',	6,	'2024-03-30 12:47:03'),
(147,	'Creme Fraiche',	6,	'2024-03-30 12:47:03'),
(148,	'Unsalted Butter',	5,	'2024-03-30 12:47:03'),
(149,	'Parmesan',	6,	'2024-03-30 12:47:03'),
(150,	'Freshly Chopped Parsley',	10,	'2024-03-30 12:47:03'),
(151,	'Garlic Powder',	1,	'2024-03-30 12:47:03'),
(152,	'Sake',	12,	'2024-03-30 12:47:03'),
(153,	'Vegetable Stock Cube',	6,	'2024-03-30 12:47:03'),
(154,	'Lamb Leg',	7,	'2024-03-30 12:47:03'),
(155,	'Vegetable Stock',	6,	'2024-03-30 12:47:03'),
(156,	'Tomato Puree',	10,	'2024-03-30 12:47:03'),
(157,	'Self-raising Flour',	9,	'2024-03-30 12:47:03'),
(158,	'Mustard',	1,	'2024-03-30 12:47:03'),
(159,	'Sunflower Oil',	5,	'2024-03-30 12:47:03'),
(160,	'Golden Syrup',	4,	'2024-03-30 12:47:03'),
(161,	'Vinegar',	10,	'2024-03-30 12:47:03'),
(162,	'White Wine Vinegar',	10,	'2024-03-30 12:47:03'),
(163,	'Granulated Sugar',	4,	'2024-03-30 12:47:03'),
(164,	'Green Chili',	1,	'2024-03-30 12:47:03'),
(165,	'Thyme',	1,	'2024-03-30 12:47:03'),
(166,	'Maple Syrup',	4,	'2024-03-30 12:47:03'),
(167,	'Star Anise',	1,	'2024-03-30 12:47:03'),
(168,	'Ginger Paste',	1,	'2024-03-30 12:47:03'),
(169,	'Flour Tortilla',	9,	'2024-03-30 12:47:03'),
(170,	'Chicken Thighs',	6,	'2024-03-30 12:47:03'),
(171,	'Custard',	6,	'2024-03-30 12:47:03'),
(172,	'Ghee',	5,	'2024-03-30 12:47:03'),
(173,	'Currants',	10,	'2024-03-30 12:47:03'),
(174,	'Nutmeg',	1,	'2024-03-30 12:47:03'),
(175,	'White Wine',	12,	'2024-03-30 12:47:03'),
(176,	'Kosher Salt',	10,	'2024-03-30 12:47:03'),
(177,	'Sesame Seed',	10,	'2024-03-30 12:47:03'),
(178,	'Cumin',	1,	'2024-03-30 12:47:03'),
(179,	'Rosemary',	1,	'2024-03-30 12:47:03'),
(180,	'Sugar',	4,	'2024-03-30 12:47:03'),
(181,	'Black Treacle',	4,	'2024-03-30 12:47:03'),
(182,	'Dried Oregano',	1,	'2024-03-30 12:47:03'),
(183,	'Red Chili Powder',	1,	'2024-03-30 12:47:03'),
(184,	'Starch',	9,	'2024-03-30 12:47:03'),
(185,	'Cardamom',	1,	'2024-03-30 12:47:03'),
(186,	'Cannellini Beans',	9,	'2024-03-30 12:47:03'),
(187,	'Avocado',	10,	'2024-03-30 12:47:03'),
(188,	'Chicken Breasts',	6,	'2024-03-30 12:47:03'),
(189,	'Mascarpone',	6,	'2024-03-30 12:47:03'),
(190,	'Shiitake Mushrooms',	10,	'2024-03-30 12:47:03'),
(191,	'Paprika',	1,	'2024-03-30 12:47:03'),
(192,	'Chopped Tomatoes',	10,	'2024-03-30 12:47:03'),
(193,	'Mixed Peel',	10,	'2024-03-30 12:47:03'),
(194,	'Egg Yolks',	6,	'2024-03-30 12:47:03'),
(195,	'Black Pepper',	1,	'2024-03-30 12:47:03'),
(196,	'Fish Sauce',	1,	'2024-03-30 12:47:03'),
(197,	'Wild Mushrooms',	10,	'2024-03-30 12:47:03'),
(198,	'Carrot',	10,	'2024-03-30 12:47:03'),
(199,	'Scotch Bonnet',	1,	'2024-03-30 12:47:03'),
(200,	'Raspberries',	10,	'2024-03-30 12:47:03'),
(201,	'Brown Sugar',	4,	'2024-03-30 12:47:03'),
(202,	'Ciabatta',	9,	'2024-03-30 12:47:03'),
(203,	'Dry White Wine',	12,	'2024-03-30 12:47:03'),
(204,	'Sausages',	7,	'2024-03-30 12:47:03'),
(205,	'Oil',	5,	'2024-03-30 12:47:03'),
(206,	'Bay Leaves',	1,	'2024-03-30 12:47:03'),
(207,	'Bay Leaf',	1,	'2024-03-30 12:47:03'),
(208,	'Coconut Cream',	6,	'2024-03-30 12:47:03'),
(209,	'Cumin Seeds',	1,	'2024-03-30 12:47:03'),
(210,	'Little Gem Lettuce',	10,	'2024-03-30 12:47:03'),
(211,	'Double Cream',	6,	'2024-03-30 12:47:03'),
(212,	'Muscovado Sugar',	4,	'2024-03-30 12:47:03'),
(213,	'Minced Garlic',	1,	'2024-03-30 12:47:03'),
(214,	'Rice Noodles',	9,	'2024-03-30 12:47:03'),
(215,	'Blueberries',	10,	'2024-03-30 12:47:03'),
(216,	'Oatmeal',	9,	'2024-03-30 12:47:03'),
(217,	'Rocket',	10,	'2024-03-30 12:47:03'),
(218,	'Saffron',	1,	'2024-03-30 12:47:03'),
(219,	'Coriander Leaves',	10,	'2024-03-30 12:47:03'),
(220,	'Stout',	12,	'2024-03-30 12:47:03'),
(221,	'Coriander Seeds',	1,	'2024-03-30 12:47:03'),
(222,	'Spring Onion',	10,	'2024-03-30 12:47:03'),
(223,	'Brandy',	12,	'2024-03-30 12:47:03'),
(224,	'Flaked Almonds',	10,	'2024-03-30 12:47:03'),
(225,	'Mustard Seeds',	1,	'2024-03-30 12:47:03'),
(226,	'Cinnamon',	1,	'2024-03-30 12:47:03'),
(227,	'Cubed Feta Cheese',	6,	'2024-03-30 12:47:03'),
(228,	'Shortcrust Pastry',	9,	'2024-03-30 12:47:03'),
(229,	'Harissa Spice',	1,	'2024-03-30 12:47:03'),
(230,	'Worcestershire Sauce',	10,	'2024-03-30 12:47:03'),
(231,	'Fennel',	10,	'2024-03-30 12:47:03'),
(232,	'Fresh Thyme',	10,	'2024-03-30 12:47:03'),
(233,	'Cream Cheese',	6,	'2024-03-30 12:47:03'),
(234,	'Red Wine Vinegar',	10,	'2024-03-30 12:47:03'),
(235,	'Basil Leaves',	10,	'2024-03-30 12:47:03'),
(236,	'Allspice',	1,	'2024-03-30 12:47:03'),
(237,	'Tamarind Paste',	10,	'2024-03-30 12:47:03'),
(238,	'Turmeric Powder',	1,	'2024-03-30 12:47:03'),
(239,	'Salsa',	10,	'2024-03-30 12:47:03'),
(240,	'Red Wine',	12,	'2024-03-30 12:47:03'),
(241,	'Sweetcorn',	10,	'2024-03-30 12:47:03'),
(242,	'Dark Chocolate',	3,	'2024-03-30 12:47:03'),
(243,	'Whole Milk',	6,	'2024-03-30 12:47:03'),
(244,	'King Prawns',	8,	'2024-03-30 12:47:03'),
(245,	'Lasagne Sheets',	9,	'2024-03-30 12:47:03'),
(246,	'Ground Ginger',	1,	'2024-03-30 12:47:03'),
(247,	'Chilli Powder',	1,	'2024-03-30 12:47:03'),
(248,	'Honey',	4,	'2024-03-30 12:47:03'),
(249,	'Orange Zest',	10,	'2024-03-30 12:47:03'),
(250,	'Chives',	10,	'2024-03-30 12:47:03'),
(251,	'Red Onions',	10,	'2024-03-30 12:47:03'),
(252,	'Jalapeno',	1,	'2024-03-30 12:47:03'),
(253,	'Plum Tomatoes',	10,	'2024-03-30 12:47:03'),
(254,	'Mayonnaise',	6,	'2024-03-30 12:47:03');

DROP TABLE IF EXISTS `ingredient_quantities`;
CREATE TABLE `ingredient_quantities` (
  `id` int(11) NOT NULL AUTO_INCREMENT,
  `recipe_id` int(11) NOT NULL,
  `ingredient_id` int(11) NOT NULL,
  `quantity` varchar(100) NOT NULL,
  `unit` varchar(55) DEFAULT NULL,
  `updated_at` timestamp NOT NULL DEFAULT current_timestamp() ON UPDATE current_timestamp(),
  PRIMARY KEY (`id`),
  KEY `ingredient_id` (`ingredient_id`),
  KEY `recipe_id` (`recipe_id`),
  CONSTRAINT `ingredient_quantities_ibfk_1` FOREIGN KEY (`recipe_id`) REFERENCES `recipes` (`id`),
  CONSTRAINT `ingredient_quantities_ibfk_2` FOREIGN KEY (`ingredient_id`) REFERENCES `ingredient` (`id`)
) ENGINE=InnoDB DEFAULT CHARSET=utf8mb4;

INSERT INTO `ingredient_quantities` (`id`, `recipe_id`, `ingredient_id`, `quantity`, `unit`, `updated_at`) VALUES
(1,	1,	80,	'250g',	NULL,	'2024-03-30 15:11:06'),
(2,	2,	81,	'1 large',	NULL,	'2024-03-30 15:11:06'),
(3,	3,	82,	'4-5 pound',	NULL,	'2024-03-30 15:11:06'),
(4,	4,	12,	'900g',	NULL,	'2024-03-30 15:11:06'),
(5,	5,	12,	'1/2 lb',	NULL,	'2024-03-30 15:11:06'),
(6,	6,	7,	'3 Medium',	NULL,	'2024-03-30 15:11:06'),
(7,	7,	30,	'100g ',	NULL,	'2024-03-30 15:11:06'),
(8,	8,	12,	'1lb',	NULL,	'2024-03-30 15:11:06'),
(9,	9,	83,	'2',	NULL,	'2024-03-30 15:11:06'),
(10,	10,	84,	'3',	NULL,	'2024-03-30 15:11:06'),
(11,	11,	1,	'1.2 kg',	NULL,	'2024-03-30 15:11:06'),
(12,	12,	85,	'2 tbsp',	NULL,	'2024-03-30 15:11:06'),
(13,	13,	86,	'1 tbsp',	NULL,	'2024-03-30 15:11:06'),
(14,	14,	30,	'50g',	NULL,	'2024-03-30 15:11:06'),
(15,	15,	87,	'450ml',	NULL,	'2024-03-30 15:11:06'),
(16,	16,	1,	'8 oz ',	NULL,	'2024-03-30 15:11:06'),
(17,	17,	88,	'6 chopped',	NULL,	'2024-03-30 15:11:06'),
(18,	18,	89,	'3',	NULL,	'2024-03-30 15:11:06'),
(19,	19,	67,	'1  bunch',	NULL,	'2024-03-30 15:11:06'),
(20,	20,	90,	'500g',	NULL,	'2024-03-30 15:11:06'),
(21,	21,	91,	'1 cup',	NULL,	'2024-03-30 15:11:06'),
(22,	22,	30,	'250g',	NULL,	'2024-03-30 15:11:06'),
(23,	23,	12,	'1lb',	NULL,	'2024-03-30 15:11:06'),
(24,	24,	92,	'227g',	NULL,	'2024-03-30 15:11:06'),
(25,	25,	30,	'75g',	NULL,	'2024-03-30 15:11:06'),
(26,	26,	23,	'4 cups ',	NULL,	'2024-03-30 15:11:06'),
(27,	27,	93,	'1 lb',	NULL,	'2024-03-30 15:11:06'),
(28,	28,	94,	'500g',	NULL,	'2024-03-30 15:11:06'),
(29,	29,	95,	'8 ounces (230 grams)',	NULL,	'2024-03-30 15:11:06'),
(30,	30,	44,	'1 lb',	NULL,	'2024-03-30 15:11:06'),
(31,	31,	96,	'300g',	NULL,	'2024-03-30 15:11:06'),
(32,	32,	86,	'1 tbsp',	NULL,	'2024-03-30 15:11:06'),
(33,	33,	86,	'2 tblsp ',	NULL,	'2024-03-30 15:11:06'),
(34,	34,	97,	'500g',	NULL,	'2024-03-30 15:11:06'),
(35,	35,	86,	'2 tbs',	NULL,	'2024-03-30 15:11:06'),
(36,	36,	98,	'30g',	NULL,	'2024-03-30 15:11:06'),
(37,	37,	99,	'2 tbs',	NULL,	'2024-03-30 15:11:06'),
(38,	38,	30,	'175g',	NULL,	'2024-03-30 15:11:06'),
(39,	39,	100,	'800g',	NULL,	'2024-03-30 15:11:06'),
(40,	40,	7,	'1kg',	NULL,	'2024-03-30 15:11:06'),
(41,	41,	101,	'4 meaty shanks',	NULL,	'2024-03-30 15:11:06'),
(42,	42,	102,	'450g',	NULL,	'2024-03-30 15:11:06'),
(43,	43,	23,	'100g ',	NULL,	'2024-03-30 15:11:06'),
(44,	44,	30,	'200g',	NULL,	'2024-03-30 15:11:06'),
(45,	45,	6,	'10',	NULL,	'2024-03-30 15:11:06'),
(46,	46,	23,	'1 cup ',	NULL,	'2024-03-30 15:11:06'),
(47,	47,	1,	'1.5kg',	NULL,	'2024-03-30 15:11:06'),
(48,	48,	48,	'1 clove',	NULL,	'2024-03-30 15:11:06'),
(49,	49,	103,	'2 finely chopped',	NULL,	'2024-03-30 15:11:06'),
(50,	50,	7,	'4',	NULL,	'2024-03-30 15:11:06'),
(64,	1,	30,	'175g',	NULL,	'2024-03-30 15:11:24'),
(65,	2,	21,	' cup ',	NULL,	'2024-03-30 15:11:24'),
(66,	3,	104,	'Dash',	NULL,	'2024-03-30 15:11:24'),
(67,	4,	86,	'3 tbs',	NULL,	'2024-03-30 15:11:24'),
(68,	5,	104,	'pinch',	NULL,	'2024-03-30 15:11:24'),
(69,	6,	86,	'1 tbs',	NULL,	'2024-03-30 15:11:24'),
(70,	7,	23,	'150g',	NULL,	'2024-03-30 15:11:24'),
(71,	8,	99,	'5 tbs',	NULL,	'2024-03-30 15:11:24'),
(72,	9,	105,	'2',	NULL,	'2024-03-30 15:11:24'),
(73,	10,	86,	'4 tbs',	NULL,	'2024-03-30 15:11:24'),
(74,	11,	21,	'5 thinly sliced',	NULL,	'2024-03-30 15:11:24'),
(75,	12,	106,	'1 tsp',	NULL,	'2024-03-30 15:11:24'),
(76,	13,	15,	'3 rashers (100g) chopped dry-cured',	NULL,	'2024-03-30 15:11:24'),
(77,	14,	21,	'1 chopped',	NULL,	'2024-03-30 15:11:24'),
(78,	15,	107,	'3',	NULL,	'2024-03-30 15:11:24'),
(79,	16,	104,	'pinch',	NULL,	'2024-03-30 15:11:24'),
(80,	17,	30,	'150g',	NULL,	'2024-03-30 15:11:24'),
(81,	18,	108,	'1 tbs',	NULL,	'2024-03-30 15:11:24'),
(82,	19,	109,	'8',	NULL,	'2024-03-30 15:11:24'),
(83,	20,	110,	'250g',	NULL,	'2024-03-30 15:11:24'),
(84,	21,	111,	'2-1/2 cups',	NULL,	'2024-03-30 15:11:24'),
(85,	22,	112,	'350g',	NULL,	'2024-03-30 15:11:24'),
(86,	23,	21,	'1',	NULL,	'2024-03-30 15:11:24'),
(87,	24,	30,	'25g',	NULL,	'2024-03-30 15:11:24'),
(88,	25,	113,	'1kg',	NULL,	'2024-03-30 15:11:24'),
(89,	26,	111,	'1 1/2 cups ',	NULL,	'2024-03-30 15:11:24'),
(90,	27,	114,	'1/2 cup ',	NULL,	'2024-03-30 15:11:24'),
(91,	28,	86,	'3 tablespoons',	NULL,	'2024-03-30 15:11:24'),
(92,	29,	112,	'1/3 cup',	NULL,	'2024-03-30 15:11:24'),
(93,	30,	86,	'1 tablespoon',	NULL,	'2024-03-30 15:11:24'),
(94,	31,	115,	'1 tbs',	NULL,	'2024-03-30 15:11:24'),
(95,	32,	116,	'1 finely sliced',	NULL,	'2024-03-30 15:11:24'),
(96,	33,	21,	'1 finely sliced',	NULL,	'2024-03-30 15:11:24'),
(97,	34,	23,	'1 tbls',	NULL,	'2024-03-30 15:11:24'),
(98,	35,	21,	'1 medium finely diced',	NULL,	'2024-03-30 15:11:24'),
(99,	36,	117,	'240g',	NULL,	'2024-03-30 15:11:24'),
(100,	37,	90,	'500g',	NULL,	'2024-03-30 15:11:24'),
(101,	38,	118,	'175g',	NULL,	'2024-03-30 15:11:24'),
(102,	39,	21,	'1 chopped',	NULL,	'2024-03-30 15:11:24'),
(103,	40,	5,	'200ml',	NULL,	'2024-03-30 15:11:24'),
(104,	41,	23,	' cup',	NULL,	'2024-03-30 15:11:24'),
(105,	42,	21,	'1 chopped',	NULL,	'2024-03-30 15:11:24'),
(106,	43,	6,	'2 large',	NULL,	'2024-03-30 15:11:24'),
(107,	44,	105,	'1 large',	NULL,	'2024-03-30 15:11:24'),
(108,	45,	86,	'1 tbs',	NULL,	'2024-03-30 15:11:24'),
(109,	46,	6,	'2',	NULL,	'2024-03-30 15:11:24'),
(110,	47,	119,	'3 chopped',	NULL,	'2024-03-30 15:11:24'),
(111,	48,	120,	'2 small',	NULL,	'2024-03-30 15:11:24'),
(112,	49,	121,	'1 Diced',	NULL,	'2024-03-30 15:11:24'),
(113,	50,	20,	'3',	NULL,	'2024-03-30 15:11:24'),
(253,	1,	5,	'2 tablespoons',	NULL,	'2024-03-30 15:13:18'),
(254,	2,	27,	'1 cup',	NULL,	'2024-03-30 15:13:18'),
(255,	3,	21,	'3',	NULL,	'2024-03-30 15:13:18'),
(256,	4,	70,	'3',	NULL,	'2024-03-30 15:13:18'),
(257,	5,	122,	'pinch',	NULL,	'2024-03-30 15:13:18'),
(258,	6,	15,	'2 strips',	NULL,	'2024-03-30 15:13:18'),
(259,	7,	123,	'700ml',	NULL,	'2024-03-30 15:13:18'),
(260,	8,	124,	'1',	NULL,	'2024-03-30 15:13:18'),
(261,	9,	104,	'0.5',	NULL,	'2024-03-30 15:13:18'),
(262,	10,	125,	'1',	NULL,	'2024-03-30 15:13:18'),
(263,	11,	27,	'2 finely chopped',	NULL,	'2024-03-30 15:13:18'),
(264,	12,	126,	'4 fillets',	NULL,	'2024-03-30 15:13:18'),
(265,	13,	70,	'12 small',	NULL,	'2024-03-30 15:13:18'),
(266,	14,	98,	'100g ',	NULL,	'2024-03-30 15:13:18'),
(267,	15,	30,	'75g',	NULL,	'2024-03-30 15:13:18'),
(268,	16,	122,	'pinch',	NULL,	'2024-03-30 15:13:18'),
(269,	17,	127,	'120g',	NULL,	'2024-03-30 15:13:18'),
(270,	18,	128,	'2 tbs',	NULL,	'2024-03-30 15:13:18'),
(271,	19,	41,	'1 Head chopped',	NULL,	'2024-03-30 15:13:18'),
(272,	20,	21,	'1',	NULL,	'2024-03-30 15:13:18'),
(273,	21,	104,	'1 tsp',	NULL,	'2024-03-30 15:13:18'),
(274,	22,	71,	'Juice of 1/2',	NULL,	'2024-03-30 15:13:18'),
(275,	23,	125,	'1',	NULL,	'2024-03-30 15:13:18'),
(276,	24,	129,	'1 tsp ',	NULL,	'2024-03-30 15:13:18'),
(277,	25,	104,	' tsp',	NULL,	'2024-03-30 15:13:18'),
(278,	26,	104,	'1/4 tsp',	NULL,	'2024-03-30 15:13:18'),
(279,	27,	30,	'1/2 cup ',	NULL,	'2024-03-30 15:13:18'),
(280,	28,	130,	'1',	NULL,	'2024-03-30 15:13:18'),
(281,	29,	131,	'3/4 teaspoon',	NULL,	'2024-03-30 15:13:18'),
(282,	30,	52,	'2 tablespoons',	NULL,	'2024-03-30 15:13:18'),
(283,	31,	132,	'Garnish',	NULL,	'2024-03-30 15:13:18'),
(284,	32,	133,	'2  tbsp',	NULL,	'2024-03-30 15:13:18'),
(285,	33,	20,	'2 chopped',	NULL,	'2024-03-30 15:13:18'),
(286,	34,	99,	'Dash',	NULL,	'2024-03-30 15:13:18'),
(287,	35,	34,	'250g',	NULL,	'2024-03-30 15:13:18'),
(288,	36,	5,	'10g',	NULL,	'2024-03-30 15:13:18'),
(289,	37,	21,	'1 chopped',	NULL,	'2024-03-30 15:13:18'),
(290,	38,	6,	'3',	NULL,	'2024-03-30 15:13:18'),
(291,	39,	12,	'300g',	NULL,	'2024-03-30 15:13:18'),
(292,	40,	30,	'50g',	NULL,	'2024-03-30 15:13:18'),
(293,	41,	86,	'2 tablespoons ',	NULL,	'2024-03-30 15:13:18'),
(294,	42,	135,	'1',	NULL,	'2024-03-30 15:13:18'),
(295,	43,	5,	'300ml ',	NULL,	'2024-03-30 15:13:18'),
(296,	44,	5,	'4 tbs',	NULL,	'2024-03-30 15:13:18'),
(297,	45,	136,	'2 finely chopped',	NULL,	'2024-03-30 15:13:18'),
(298,	46,	5,	'1 cup ',	NULL,	'2024-03-30 15:13:18'),
(299,	47,	48,	'2 cloves',	NULL,	'2024-03-30 15:13:18'),
(300,	48,	86,	'2 tbs',	NULL,	'2024-03-30 15:13:18'),
(301,	49,	137,	'Small bunch',	NULL,	'2024-03-30 15:13:18'),
(302,	50,	104,	'1 tbs',	NULL,	'2024-03-30 15:13:18'),
(408,	1,	163,	'175g',	NULL,	'2024-03-30 15:17:41'),
(409,	2,	164,	'1',	NULL,	'2024-03-30 15:17:41'),
(410,	3,	165,	'1 Sprig',	NULL,	'2024-03-30 15:17:41'),
(411,	4,	15,	'125g',	NULL,	'2024-03-30 15:17:41'),
(412,	5,	105,	'1/2 ',	NULL,	'2024-03-30 15:17:41'),
(413,	6,	166,	'1 tbs',	NULL,	'2024-03-30 15:17:41'),
(414,	7,	72,	'1 tbs',	NULL,	'2024-03-30 15:17:41'),
(415,	8,	167,	'3',	NULL,	'2024-03-30 15:17:41'),
(416,	10,	7,	'3',	NULL,	'2024-03-30 15:17:41'),
(417,	11,	168,	'1 tbsp',	NULL,	'2024-03-30 15:17:41'),
(418,	12,	169,	'8',	NULL,	'2024-03-30 15:17:41'),
(419,	13,	170,	'4 (650g)',	NULL,	'2024-03-30 15:17:41'),
(420,	14,	125,	'1',	NULL,	'2024-03-30 15:17:41'),
(421,	15,	48,	'2 cloves minced',	NULL,	'2024-03-30 15:17:41'),
(422,	16,	54,	'1 tsp ',	NULL,	'2024-03-30 15:17:41'),
(423,	18,	171,	'500g',	NULL,	'2024-03-30 15:17:41'),
(424,	19,	21,	'Sliced',	NULL,	'2024-03-30 15:17:41'),
(425,	20,	72,	'3 tblsp chopped',	NULL,	'2024-03-30 15:17:41'),
(426,	21,	172,	'3 tbs',	NULL,	'2024-03-30 15:17:41'),
(427,	22,	173,	'200g',	NULL,	'2024-03-30 15:17:41'),
(428,	23,	139,	'4',	NULL,	'2024-03-30 15:17:41'),
(429,	24,	174,	'Grated',	NULL,	'2024-03-30 15:17:41'),
(430,	25,	105,	'1',	NULL,	'2024-03-30 15:17:41'),
(431,	26,	86,	'1/4 cup',	NULL,	'2024-03-30 15:17:41'),
(432,	27,	72,	'2 tbsp',	NULL,	'2024-03-30 15:17:41'),
(433,	28,	175,	'250ml',	NULL,	'2024-03-30 15:17:41'),
(434,	29,	176,	'1/2 teaspoon',	NULL,	'2024-03-30 15:17:41'),
(435,	30,	177,	'4 tablespoons',	NULL,	'2024-03-30 15:17:41'),
(436,	32,	35,	'400ml can',	NULL,	'2024-03-30 15:17:41'),
(437,	33,	48,	'2 cloves minced',	NULL,	'2024-03-30 15:17:41'),
(438,	34,	20,	'2 sliced',	NULL,	'2024-03-30 15:17:41'),
(439,	35,	178,	'1 tsp ',	NULL,	'2024-03-30 15:17:41'),
(440,	36,	179,	'3 sprigs',	NULL,	'2024-03-30 15:17:41'),
(441,	37,	112,	'1  tbsp',	NULL,	'2024-03-30 15:17:41'),
(442,	38,	5,	'3 tbs',	NULL,	'2024-03-30 15:17:41'),
(443,	39,	111,	'1 Litre',	NULL,	'2024-03-30 15:17:41'),
(444,	40,	135,	'Bunch',	NULL,	'2024-03-30 15:17:41'),
(445,	41,	21,	'1 medium chopped into -inch pieces',	NULL,	'2024-03-30 15:17:41'),
(446,	42,	54,	'1 tsp ',	NULL,	'2024-03-30 15:17:41'),
(447,	43,	180,	'to serve',	NULL,	'2024-03-30 15:17:41'),
(448,	44,	181,	'85g',	NULL,	'2024-03-30 15:17:41'),
(449,	45,	121,	'4',	NULL,	'2024-03-30 15:17:41'),
(450,	46,	104,	'Pinch',	NULL,	'2024-03-30 15:17:41'),
(451,	47,	182,	'1 tsp ',	NULL,	'2024-03-30 15:17:41'),
(452,	48,	72,	'Leaves',	NULL,	'2024-03-30 15:17:41'),
(453,	49,	48,	'3 cloves',	NULL,	'2024-03-30 15:17:41'),
(454,	50,	6,	'4',	NULL,	'2024-03-30 15:17:41'),
(565,	2,	205,	'1.5 tablespoon',	NULL,	'2024-03-30 15:19:52'),
(566,	3,	206,	'4',	NULL,	'2024-03-30 15:19:52'),
(567,	4,	207,	'2',	NULL,	'2024-03-30 15:19:52'),
(568,	5,	205,	'5 tbs',	NULL,	'2024-03-30 15:19:52'),
(569,	6,	104,	'Pinch',	NULL,	'2024-03-30 15:19:52'),
(570,	7,	104,	'Pinch',	NULL,	'2024-03-30 15:19:52'),
(571,	8,	208,	'1 cup ',	NULL,	'2024-03-30 15:19:52'),
(572,	10,	75,	'Garnish',	NULL,	'2024-03-30 15:19:52'),
(573,	11,	209,	'2 tsp',	NULL,	'2024-03-30 15:19:52'),
(574,	12,	210,	'2 shredded',	NULL,	'2024-03-30 15:19:52'),
(575,	13,	48,	'3 finely chopped',	NULL,	'2024-03-30 15:19:52'),
(576,	14,	131,	'pinch',	NULL,	'2024-03-30 15:19:52'),
(577,	15,	5,	'200ml',	NULL,	'2024-03-30 15:19:52'),
(578,	16,	8,	'1/2 cup ',	NULL,	'2024-03-30 15:19:52'),
(579,	18,	211,	'284ml',	NULL,	'2024-03-30 15:19:52'),
(580,	19,	87,	'1 cup ',	NULL,	'2024-03-30 15:19:52'),
(581,	20,	60,	'3/4 teaspoon',	NULL,	'2024-03-30 15:19:52'),
(582,	21,	209,	'1/2 tsp',	NULL,	'2024-03-30 15:19:52'),
(583,	22,	212,	'100g ',	NULL,	'2024-03-30 15:19:52'),
(584,	23,	8,	'2 cups ',	NULL,	'2024-03-30 15:19:52'),
(585,	24,	72,	'Chopped',	NULL,	'2024-03-30 15:19:52'),
(586,	25,	174,	' teaspoon',	NULL,	'2024-03-30 15:19:52'),
(587,	28,	213,	'1/2 teaspoon',	NULL,	'2024-03-30 15:19:52'),
(588,	29,	106,	'1/8 teaspoon',	NULL,	'2024-03-30 15:19:52'),
(589,	32,	214,	'100g',	NULL,	'2024-03-30 15:19:52'),
(590,	33,	54,	' tsp',	NULL,	'2024-03-30 15:19:52'),
(591,	34,	7,	'500g',	NULL,	'2024-03-30 15:19:52'),
(592,	35,	104,	'1/2 tsp',	NULL,	'2024-03-30 15:19:52'),
(593,	36,	52,	'2 tblsp ',	NULL,	'2024-03-30 15:19:52'),
(594,	37,	123,	'250ml',	NULL,	'2024-03-30 15:19:52'),
(595,	38,	193,	'To Glaze',	NULL,	'2024-03-30 15:19:52'),
(596,	39,	86,	'1/2 cup ',	NULL,	'2024-03-30 15:19:52'),
(597,	41,	59,	'1 chopped into -inch pieces',	NULL,	'2024-03-30 15:19:52'),
(598,	42,	52,	'2 tbs',	NULL,	'2024-03-30 15:19:52'),
(599,	43,	215,	'to serve',	NULL,	'2024-03-30 15:19:52'),
(600,	44,	216,	'100g ',	NULL,	'2024-03-30 15:19:52'),
(601,	45,	119,	'1',	NULL,	'2024-03-30 15:19:52'),
(602,	46,	30,	'3 tbs',	NULL,	'2024-03-30 15:19:52'),
(603,	47,	191,	'1 tsp ',	NULL,	'2024-03-30 15:19:52'),
(604,	48,	217,	'2 handfulls',	NULL,	'2024-03-30 15:19:52'),
(605,	49,	218,	'Pinch',	NULL,	'2024-03-30 15:19:52'),
(606,	50,	75,	'4 oz ',	NULL,	'2024-03-30 15:19:52'),
(628,	2,	219,	'1 tablespoon chopped',	NULL,	'2024-03-30 15:20:04'),
(629,	3,	123,	'2 cups',	NULL,	'2024-03-30 15:20:04'),
(630,	4,	220,	'330ml',	NULL,	'2024-03-30 15:20:04'),
(631,	5,	3,	'1/4 lb',	NULL,	'2024-03-30 15:20:04'),
(632,	6,	122,	'Pinch',	NULL,	'2024-03-30 15:20:04'),
(633,	7,	122,	'Pinch',	NULL,	'2024-03-30 15:20:04'),
(634,	8,	111,	'1 cup ',	NULL,	'2024-03-30 15:20:04'),
(635,	11,	221,	'3 tsp',	NULL,	'2024-03-30 15:20:04'),
(636,	12,	222,	'4 shredded',	NULL,	'2024-03-30 15:20:04'),
(637,	13,	223,	'3 tbsp',	NULL,	'2024-03-30 15:20:04'),
(638,	14,	1,	'250g',	NULL,	'2024-03-30 15:20:04'),
(639,	15,	175,	'3 tbs',	NULL,	'2024-03-30 15:20:04'),
(640,	16,	111,	'8 cups ',	NULL,	'2024-03-30 15:20:04'),
(641,	18,	224,	'Handful',	NULL,	'2024-03-30 15:20:04'),
(642,	20,	18,	'2 tbs',	NULL,	'2024-03-30 15:20:04'),
(643,	21,	225,	'1/2 tsp',	NULL,	'2024-03-30 15:20:04'),
(644,	22,	226,	'1 tsp ',	NULL,	'2024-03-30 15:20:04'),
(645,	23,	3,	'1/4 cup',	NULL,	'2024-03-30 15:20:04'),
(646,	25,	112,	'225g',	NULL,	'2024-03-30 15:20:04'),
(647,	28,	227,	'1 (200g) pack',	NULL,	'2024-03-30 15:20:04'),
(648,	29,	30,	'6 tablespoons (85 grams)',	NULL,	'2024-03-30 15:20:04'),
(649,	32,	47,	'2 juice of 1, the other halved',	NULL,	'2024-03-30 15:20:04'),
(650,	33,	218,	' tsp',	NULL,	'2024-03-30 15:20:04'),
(651,	34,	228,	'450g',	NULL,	'2024-03-30 15:20:04'),
(652,	35,	229,	'1 tsp ',	NULL,	'2024-03-30 15:20:04'),
(653,	36,	175,	'125ml ',	NULL,	'2024-03-30 15:20:04'),
(654,	37,	230,	'Dash',	NULL,	'2024-03-30 15:20:04'),
(655,	41,	231,	'1 bulb chopped into -inch pieces',	NULL,	'2024-03-30 15:20:04'),
(656,	42,	232,	'1 chopped',	NULL,	'2024-03-30 15:20:04'),
(657,	44,	157,	'250g',	NULL,	'2024-03-30 15:20:04'),
(658,	45,	233,	'300g',	NULL,	'2024-03-30 15:20:04'),
(659,	47,	234,	'2 tbs',	NULL,	'2024-03-30 15:20:04'),
(660,	48,	235,	'Small bunch',	NULL,	'2024-03-30 15:20:04'),
(661,	49,	207,	'1',	NULL,	'2024-03-30 15:20:04'),
(662,	50,	25,	'1 can ',	NULL,	'2024-03-30 15:20:04');

DROP TABLE IF EXISTS `judges`;
CREATE TABLE `judges` (
  `id` int(11) NOT NULL AUTO_INCREMENT,
  `episode_id` int(11) NOT NULL,
  `chef_id` int(11) NOT NULL,
  `updated_at` timestamp NOT NULL DEFAULT current_timestamp() ON UPDATE current_timestamp(),
  PRIMARY KEY (`id`),
  KEY `episode_id` (`episode_id`),
  KEY `chef_id` (`chef_id`),
  CONSTRAINT `judges_ibfk_1` FOREIGN KEY (`episode_id`) REFERENCES `episodes` (`id`),
  CONSTRAINT `judges_ibfk_2` FOREIGN KEY (`chef_id`) REFERENCES `chef` (`id`)
) ENGINE=InnoDB DEFAULT CHARSET=utf8mb4;


DROP TABLE IF EXISTS `labels`;
CREATE TABLE `labels` (
  `id` int(11) NOT NULL AUTO_INCREMENT,
  `name` varchar(45) NOT NULL,
  `updated_at` timestamp NOT NULL DEFAULT current_timestamp() ON UPDATE current_timestamp(),
  PRIMARY KEY (`id`),
  KEY `recipe_id` (`updated_at`)
) ENGINE=InnoDB DEFAULT CHARSET=utf8mb4;

INSERT INTO `labels` (`id`, `name`, `updated_at`) VALUES
(1,	'Cake',	'2024-03-28 17:42:07'),
(2,	'Chocolate',	'2024-03-28 17:42:07'),
(3,	'Desert',	'2024-03-28 17:42:07'),
(4,	'Pudding',	'2024-03-28 17:42:07'),
(5,	'Spicy',	'2024-03-28 17:42:07'),
(6,	'Bun',	'2024-03-28 17:42:07'),
(7,	'Calorific',	'2024-03-28 17:42:07'),
(8,	'Meat',	'2024-03-28 17:42:07'),
(9,	'Pie',	'2024-03-28 17:42:07'),
(10,	'Breakfast',	'2024-03-28 17:42:07'),
(11,	'Brunch',	'2024-03-28 17:42:07'),
(13,	'DinnerParty',	'2024-03-28 17:42:07'),
(14,	'HangoverFood',	'2024-03-28 17:42:07'),
(15,	'Alcoholic',	'2024-03-28 17:42:07'),
(16,	'soup',	'2024-03-28 17:42:07'),
(17,	'Fish',	'2024-03-28 17:42:07'),
(18,	'Sweet',	'2024-03-28 17:42:07'),
(19,	'Snack',	'2024-03-28 17:42:07'),
(20,	'Treat',	'2024-03-28 17:42:07'),
(21,	'Tart',	'2024-03-28 17:42:07'),
(22,	'BBQ',	'2024-03-28 17:42:07'),
(23,	'Christmas',	'2024-03-28 17:42:07'),
(24,	'Sausages',	'2024-03-28 17:42:07'),
(25,	'Curry',	'2024-03-28 17:42:07'),
(26,	'Vegetarian',	'2024-03-28 17:42:07'),
(27,	'Seafood',	'2024-03-28 17:42:07'),
(28,	'Shellfish',	'2024-03-28 17:42:07'),
(29,	'DateNight',	'2024-03-28 17:42:07'),
(30,	'Nutty',	'2024-03-28 17:42:07'),
(31,	'Light',	'2024-03-28 17:42:07'),
(32,	'Baking',	'2024-03-28 17:42:07'),
(33,	'Heavy',	'2024-03-28 17:42:07'),
(34,	'MainMeal',	'2024-03-28 17:42:07'),
(35,	'Speciality',	'2024-03-28 17:42:07'),
(36,	'Fruity',	'2024-03-28 17:42:07'),
(37,	'Caramel',	'2024-03-28 17:42:07'),
(38,	'Egg',	'2024-03-28 17:42:07'),
(39,	'salad',	'2024-03-28 17:42:07'),
(40,	'Gluten-free',	'2024-05-01 15:06:45'),
(41,	'Vegan',	'2024-05-01 15:06:45'),
(42,	'Organic',	'2024-05-01 15:06:45'),
(43,	'Gourmet',	'2024-05-01 15:06:45'),
(44,	'Low-carb',	'2024-05-01 15:06:45'),
(45,	'Dairy-free',	'2024-05-01 15:06:45'),
(46,	'Spicy',	'2024-05-01 15:06:45'),
(47,	'Grilled',	'2024-05-01 15:06:45'),
(48,	'Mediterranean',	'2024-05-01 15:06:45'),
(49,	'Farm-fresh',	'2024-05-01 15:06:45'),
(50,	'Artisanal',	'2024-05-01 15:06:45'),
(51,	'Homemade',	'2024-05-01 15:06:45'),
(52,	'Exotic',	'2024-05-01 15:06:45'),
(53,	'Low-fat',	'2024-05-01 15:06:45'),
(54,	'Sugar-free',	'2024-05-01 15:06:45'),
(55,	'Raw',	'2024-05-01 15:06:45'),
(56,	'Locally-sourced',	'2024-05-01 15:06:45'),
(57,	'Quick & Easy',	'2024-05-01 15:06:45'),
(58,	'Comfort food',	'2024-05-01 15:06:45'),
(59,	'Superfood',	'2024-05-01 15:06:45'),
(60,	'Paleo',	'2024-05-01 15:06:45'),
(61,	'Fusion',	'2024-05-01 15:06:45'),
(62,	'Traditional',	'2024-05-01 15:06:45'),
(63,	'Family recipe',	'2024-05-01 15:06:45'),
(64,	'No added preservatives',	'2024-05-01 15:06:45');

DROP TABLE IF EXISTS `meal_type`;
CREATE TABLE `meal_type` (
  `id` int(11) NOT NULL AUTO_INCREMENT,
  `name` varchar(45) NOT NULL,
  `updated_at` timestamp NOT NULL DEFAULT current_timestamp() ON UPDATE current_timestamp(),
  PRIMARY KEY (`id`)
) ENGINE=InnoDB DEFAULT CHARSET=utf8mb4;

INSERT INTO `meal_type` (`id`, `name`, `updated_at`) VALUES
(1,	'Breakfast',	'2024-03-28 17:13:06'),
(2,	'lunch',	'2024-03-28 17:13:31'),
(3,	'dinner',	'2024-03-28 17:13:35'),
(4,	'brunch',	'2024-03-28 17:13:53'),
(5,	'evening meal',	'2024-03-28 17:14:21');

DROP TABLE IF EXISTS `national_cuisine`;
CREATE TABLE `national_cuisine` (
  `id` int(11) NOT NULL AUTO_INCREMENT,
  `national_cuisine` varchar(45) NOT NULL,
  `updated_at` timestamp NOT NULL DEFAULT current_timestamp() ON UPDATE current_timestamp(),
  PRIMARY KEY (`id`)
) ENGINE=InnoDB DEFAULT CHARSET=utf8mb4;

INSERT INTO `national_cuisine` (`id`, `national_cuisine`, `updated_at`) VALUES
(1,	'Greek',	'2024-03-26 13:33:10'),
(2,	'Mexican',	'2024-03-26 13:33:15'),
(3,	'British',	'2024-03-26 13:33:20'),
(4,	'Dutch',	'2024-03-26 13:33:23'),
(5,	'Japanese',	'2024-03-26 13:33:27'),
(6,	'Thai',	'2024-03-26 13:33:32'),
(7,	'French',	'2024-03-26 13:33:35'),
(8,	'Italian',	'2024-03-26 13:33:40'),
(9,	'Irish',	'2024-03-26 13:33:45'),
(10,	'Moroccan',	'2024-03-26 13:33:48'),
(11,	'Indian',	'2024-03-26 13:33:51'),
(12,	'American',	'2024-03-26 13:33:55'),
(13,	'Canadian',	'2024-03-26 13:33:59'),
(14,	'Malaysian',	'2024-03-26 13:34:03'),
(15,	'Russian',	'2024-03-26 13:34:06'),
(16,	'Jamaican',	'2024-03-26 13:34:10'),
(17,	'Chinese',	'2024-03-26 13:34:14'),
(18,	'Kenyan',	'2024-03-26 13:34:17'),
(19,	'Tunisian',	'2024-03-26 13:34:20'),
(20,	'Turkish',	'2024-03-26 13:34:24'),
(21,	'Vietnamese',	'2024-03-26 13:34:29'),
(22,	'Polish',	'2024-03-26 13:34:32'),
(23,	'Egyptian',	'2024-03-26 13:34:36'),
(24,	'Portuguese',	'2024-03-26 13:34:41'),
(25,	'Croatian',	'2024-03-26 13:34:44'),
(26,	'Filipino',	'2024-03-26 13:34:49');

DROP TABLE IF EXISTS `nutritional_info`;
CREATE TABLE `nutritional_info` (
  `id` int(11) NOT NULL AUTO_INCREMENT,
  `ingredient_id` int(11) NOT NULL,
  `calories_per_100` int(11) NOT NULL,
  `proteins_per_100` int(11) NOT NULL,
  `fat_per_100` int(11) NOT NULL,
  `other_nutriants` text NOT NULL,
  `updated_at` timestamp NOT NULL DEFAULT current_timestamp() ON UPDATE current_timestamp(),
  PRIMARY KEY (`id`),
  KEY `ingredient_id` (`ingredient_id`),
  CONSTRAINT `Nutritional_info_ibfk_1` FOREIGN KEY (`ingredient_id`) REFERENCES `ingredient` (`id`)
) ENGINE=InnoDB DEFAULT CHARSET=utf8mb4;


DROP TABLE IF EXISTS `ratings`;
CREATE TABLE `ratings` (
  `id` int(11) NOT NULL AUTO_INCREMENT,
  `judge_id` int(11) NOT NULL,
  `chef_id` int(11) NOT NULL,
  `episode_id` int(11) NOT NULL,
  `rating` tinyint(4) NOT NULL,
  `updated_at` timestamp NOT NULL DEFAULT current_timestamp() ON UPDATE current_timestamp(),
  PRIMARY KEY (`id`),
  KEY `judge_id` (`judge_id`),
  KEY `chef_id` (`chef_id`),
  KEY `episode_id` (`episode_id`),
  CONSTRAINT `ratings_ibfk_1` FOREIGN KEY (`judge_id`) REFERENCES `judges` (`id`),
  CONSTRAINT `ratings_ibfk_2` FOREIGN KEY (`chef_id`) REFERENCES `chef` (`id`),
  CONSTRAINT `ratings_ibfk_3` FOREIGN KEY (`episode_id`) REFERENCES `episodes` (`id`)
) ENGINE=InnoDB DEFAULT CHARSET=utf8mb4;


DROP TABLE IF EXISTS `recipe-labels`;
CREATE TABLE `recipe-labels` (
  `id` int(11) NOT NULL AUTO_INCREMENT,
  `labels_id` int(11) NOT NULL,
  `recipe_id` int(11) NOT NULL,
  `updated_at` timestamp NOT NULL DEFAULT current_timestamp() ON UPDATE current_timestamp(),
  PRIMARY KEY (`id`),
  KEY `labels_id` (`labels_id`),
  KEY `recipe_id` (`recipe_id`),
  CONSTRAINT `recipe-labels_ibfk_1` FOREIGN KEY (`labels_id`) REFERENCES `labels` (`id`),
  CONSTRAINT `recipe-labels_ibfk_2` FOREIGN KEY (`recipe_id`) REFERENCES `recipes` (`id`)
) ENGINE=InnoDB DEFAULT CHARSET=utf8mb4;

INSERT INTO `recipe-labels` (`id`, `labels_id`, `recipe_id`, `updated_at`) VALUES
(1,	1,	1,	'2024-03-28 17:52:28'),
(2,	1,	21,	'2024-03-28 17:52:36'),
(3,	1,	38,	'2024-03-28 17:52:51'),
(4,	2,	1,	'2024-03-28 17:53:44'),
(5,	3,	1,	'2024-03-28 17:54:04'),
(6,	3,	38,	'2024-03-28 17:54:10'),
(7,	3,	43,	'2024-03-28 17:54:13'),
(8,	5,	2,	'2024-03-28 17:54:39'),
(9,	5,	12,	'2024-03-28 17:54:42'),
(10,	6,	2,	'2024-03-28 17:54:57'),
(11,	7,	2,	'2024-03-28 17:55:23'),
(12,	8,	3,	'2024-03-28 17:55:48'),
(13,	8,	15,	'2024-03-28 17:55:53'),
(14,	8,	37,	'2024-03-28 17:55:57'),
(15,	9,	4,	'2024-03-28 17:56:14'),
(16,	9,	15,	'2024-03-28 17:56:20'),
(17,	9,	34,	'2024-03-28 17:56:26'),
(18,	9,	37,	'2024-03-28 17:56:30'),
(19,	10,	6,	'2024-03-28 17:56:47'),
(20,	10,	37,	'2024-03-28 17:56:51'),
(21,	10,	43,	'2024-03-28 17:56:58'),
(22,	11,	6,	'2024-03-28 17:57:17'),
(23,	13,	7,	'2024-03-28 17:57:42'),
(24,	14,	7,	'2024-03-28 17:57:53'),
(25,	15,	7,	'2024-03-28 17:58:06'),
(26,	15,	17,	'2024-03-28 17:58:18'),
(27,	16,	10,	'2024-03-28 17:58:39'),
(28,	16,	35,	'2024-03-28 17:58:43'),
(29,	17,	12,	'2024-03-28 17:59:05'),
(30,	17,	28,	'2024-03-28 17:59:13'),
(31,	17,	30,	'2024-03-28 17:59:17'),
(32,	17,	32,	'2024-03-28 17:59:22'),
(33,	18,	17,	'2024-03-28 17:59:43'),
(34,	18,	43,	'2024-03-28 17:59:49'),
(35,	19,	17,	'2024-03-28 18:00:07'),
(36,	19,	22,	'2024-03-28 18:00:13'),
(37,	20,	22,	'2024-03-28 18:00:32'),
(38,	21,	25,	'2024-03-28 18:00:49'),
(39,	22,	17,	'2024-03-28 18:01:10'),
(40,	23,	18,	'2024-03-28 18:01:40'),
(41,	24,	20,	'2024-03-28 18:01:53'),
(42,	25,	21,	'2024-03-28 18:02:09'),
(43,	26,	21,	'2024-03-28 18:02:22'),
(44,	26,	36,	'2024-03-28 18:02:26'),
(45,	27,	28,	'2024-03-28 18:02:46'),
(46,	27,	32,	'2024-03-28 18:02:51'),
(47,	28,	32,	'2024-03-28 18:03:07'),
(48,	28,	28,	'2024-03-28 18:03:12'),
(49,	29,	30,	'2024-03-28 18:03:24'),
(50,	30,	36,	'2024-03-28 18:03:37'),
(51,	31,	38,	'2024-03-28 18:03:49'),
(52,	31,	47,	'2024-03-28 18:04:26'),
(53,	32,	38,	'2024-03-28 18:04:50'),
(54,	32,	39,	'2024-03-28 18:05:06'),
(55,	32,	40,	'2024-03-28 18:05:09'),
(56,	32,	41,	'2024-03-28 18:05:12'),
(57,	33,	42,	'2024-03-28 18:05:25'),
(58,	33,	40,	'2024-03-28 18:05:36'),
(59,	33,	5,	'2024-03-28 18:06:02'),
(60,	33,	41,	'2024-03-28 18:06:05'),
(61,	34,	42,	'2024-03-28 18:06:32'),
(62,	35,	42,	'2024-03-28 18:06:50'),
(63,	36,	43,	'2024-03-28 18:07:11'),
(64,	37,	44,	'2024-03-28 18:07:24'),
(65,	38,	45,	'2024-03-28 18:07:37'),
(66,	39,	50,	'2024-03-28 18:07:57'),
(67,	8,	16,	'2024-03-28 18:08:39'),
(68,	8,	33,	'2024-03-28 18:09:07'),
(69,	8,	34,	'2024-03-28 18:09:17'),
(70,	8,	41,	'2024-03-28 18:09:46'),
(71,	8,	39,	'2024-03-28 18:09:49'),
(72,	8,	47,	'2024-03-28 18:10:06'),
(73,	8,	48,	'2024-03-28 18:10:09'),
(74,	31,	49,	'2024-03-28 18:11:17'),
(101,	40,	5,	'2024-05-01 16:01:28'),
(102,	41,	32,	'2024-05-01 16:01:28'),
(103,	42,	11,	'2024-05-01 16:01:28'),
(104,	43,	17,	'2024-05-01 16:01:28'),
(105,	44,	28,	'2024-05-01 16:01:28'),
(106,	45,	8,	'2024-05-01 16:01:28'),
(107,	46,	46,	'2024-05-01 16:01:28'),
(108,	47,	22,	'2024-05-01 16:01:28'),
(109,	48,	39,	'2024-05-01 16:01:28'),
(110,	49,	13,	'2024-05-01 16:01:28'),
(111,	50,	41,	'2024-05-01 16:01:28'),
(112,	51,	9,	'2024-05-01 16:01:28'),
(113,	52,	24,	'2024-05-01 16:01:28'),
(114,	53,	3,	'2024-05-01 16:01:28'),
(115,	54,	36,	'2024-05-01 16:01:28'),
(116,	55,	20,	'2024-05-01 16:01:28'),
(117,	56,	50,	'2024-05-01 16:01:28'),
(118,	57,	12,	'2024-05-01 16:01:28'),
(119,	58,	14,	'2024-05-01 16:01:28'),
(120,	59,	49,	'2024-05-01 16:01:28'),
(121,	60,	19,	'2024-05-01 16:01:28'),
(122,	61,	43,	'2024-05-01 16:01:28'),
(123,	62,	7,	'2024-05-01 16:01:28'),
(124,	63,	45,	'2024-05-01 16:01:28'),
(125,	40,	42,	'2024-05-01 16:05:21'),
(126,	41,	1,	'2024-05-01 16:05:21'),
(127,	42,	46,	'2024-05-01 16:05:21'),
(128,	43,	20,	'2024-05-01 16:05:21'),
(129,	44,	43,	'2024-05-01 16:05:21'),
(130,	45,	8,	'2024-05-01 16:05:21'),
(131,	46,	50,	'2024-05-01 16:05:21'),
(132,	47,	17,	'2024-05-01 16:05:21'),
(133,	48,	5,	'2024-05-01 16:05:21'),
(134,	49,	11,	'2024-05-01 16:05:21'),
(135,	50,	13,	'2024-05-01 16:05:21'),
(136,	51,	24,	'2024-05-01 16:05:21'),
(137,	52,	19,	'2024-05-01 16:05:21'),
(138,	53,	36,	'2024-05-01 16:05:21'),
(139,	54,	5,	'2024-05-01 16:05:21'),
(140,	55,	7,	'2024-05-01 16:05:21'),
(141,	56,	22,	'2024-05-01 16:05:21'),
(142,	57,	48,	'2024-05-01 16:05:21'),
(143,	58,	45,	'2024-05-01 16:05:21'),
(144,	59,	41,	'2024-05-01 16:05:21'),
(145,	60,	9,	'2024-05-01 16:05:21'),
(146,	61,	3,	'2024-05-01 16:05:21'),
(147,	62,	14,	'2024-05-01 16:05:21'),
(148,	63,	40,	'2024-05-01 16:05:21');

DROP TABLE IF EXISTS `recipe-meal_type`;
CREATE TABLE `recipe-meal_type` (
  `id` int(11) NOT NULL AUTO_INCREMENT,
  `recipe_id` int(11) NOT NULL,
  `meal_type_id` int(11) NOT NULL,
  `updated_at` timestamp NOT NULL DEFAULT current_timestamp() ON UPDATE current_timestamp(),
  PRIMARY KEY (`id`),
  KEY `recipe_id` (`recipe_id`),
  KEY `meal_type_id` (`meal_type_id`),
  CONSTRAINT `recipe-meal_type_ibfk_3` FOREIGN KEY (`recipe_id`) REFERENCES `recipes` (`id`),
  CONSTRAINT `recipe-meal_type_ibfk_4` FOREIGN KEY (`meal_type_id`) REFERENCES `meal_type` (`id`)
) ENGINE=InnoDB DEFAULT CHARSET=utf8mb4;

INSERT INTO `recipe-meal_type` (`id`, `recipe_id`, `meal_type_id`, `updated_at`) VALUES
(12,	6,	1,	'2024-03-30 14:08:54'),
(13,	9,	1,	'2024-03-30 14:08:54'),
(14,	23,	1,	'2024-03-30 14:08:54'),
(15,	25,	1,	'2024-03-30 14:08:54'),
(16,	27,	1,	'2024-03-30 14:08:54'),
(17,	31,	1,	'2024-03-30 14:08:54'),
(18,	33,	1,	'2024-03-30 14:08:54'),
(19,	40,	1,	'2024-03-30 14:08:54'),
(20,	43,	1,	'2024-03-30 14:08:54'),
(21,	46,	1,	'2024-03-30 14:08:54'),
(22,	2,	2,	'2024-03-30 14:08:54'),
(23,	5,	2,	'2024-03-30 14:08:54'),
(24,	12,	2,	'2024-03-30 14:08:54'),
(25,	15,	2,	'2024-03-30 14:08:54'),
(26,	22,	2,	'2024-03-30 14:08:54'),
(27,	28,	2,	'2024-03-30 14:08:54'),
(28,	36,	2,	'2024-03-30 14:08:54'),
(29,	38,	2,	'2024-03-30 14:08:54'),
(30,	49,	2,	'2024-03-30 14:08:54'),
(31,	1,	3,	'2024-03-30 14:08:54'),
(32,	3,	3,	'2024-03-30 14:08:54'),
(33,	4,	3,	'2024-03-30 14:08:54'),
(34,	7,	3,	'2024-03-30 14:08:54'),
(35,	8,	3,	'2024-03-30 14:08:54'),
(36,	10,	3,	'2024-03-30 14:08:54'),
(37,	11,	3,	'2024-03-30 14:08:54'),
(38,	13,	3,	'2024-03-30 14:08:54'),
(39,	14,	3,	'2024-03-30 14:08:54'),
(40,	16,	3,	'2024-03-30 14:08:54'),
(41,	17,	3,	'2024-03-30 14:08:54'),
(42,	18,	3,	'2024-03-30 14:08:54'),
(43,	20,	3,	'2024-03-30 14:08:54'),
(44,	24,	3,	'2024-03-30 14:08:54'),
(45,	26,	3,	'2024-03-30 14:08:54'),
(46,	29,	3,	'2024-03-30 14:08:54'),
(47,	32,	3,	'2024-03-30 14:08:54'),
(48,	34,	3,	'2024-03-30 14:08:54'),
(49,	35,	3,	'2024-03-30 14:08:54'),
(50,	39,	3,	'2024-03-30 14:08:54'),
(51,	41,	3,	'2024-03-30 14:08:54'),
(52,	42,	3,	'2024-03-30 14:08:54'),
(53,	44,	3,	'2024-03-30 14:08:54'),
(54,	45,	3,	'2024-03-30 14:08:54'),
(55,	47,	3,	'2024-03-30 14:08:54'),
(56,	48,	3,	'2024-03-30 14:08:54'),
(57,	21,	4,	'2024-03-30 14:08:54'),
(58,	19,	5,	'2024-03-30 14:08:54'),
(59,	30,	5,	'2024-03-30 14:08:54'),
(60,	37,	5,	'2024-03-30 14:08:54'),
(61,	50,	5,	'2024-03-30 14:08:54'),
(62,	4,	2,	'2024-03-30 14:14:12'),
(63,	7,	2,	'2024-03-30 14:14:12'),
(64,	8,	2,	'2024-03-30 14:14:12'),
(65,	10,	2,	'2024-03-30 14:14:12'),
(66,	11,	2,	'2024-03-30 14:14:12'),
(67,	13,	2,	'2024-03-30 14:14:12'),
(68,	14,	2,	'2024-03-30 14:14:12'),
(69,	16,	2,	'2024-03-30 14:14:12'),
(70,	20,	2,	'2024-03-30 14:14:12'),
(71,	24,	2,	'2024-03-30 14:14:12'),
(72,	26,	2,	'2024-03-30 14:14:12'),
(73,	29,	2,	'2024-03-30 14:14:12'),
(74,	32,	2,	'2024-03-30 14:14:12'),
(75,	34,	2,	'2024-03-30 14:14:12'),
(76,	35,	2,	'2024-03-30 14:14:12'),
(77,	39,	2,	'2024-03-30 14:14:12');

DROP TABLE IF EXISTS `recipes`;
CREATE TABLE `recipes` (
  `id` int(11) NOT NULL AUTO_INCREMENT,
  `name` text NOT NULL,
  `short_description` text DEFAULT NULL,
  `basic_ingredient_id` int(11) NOT NULL,
  `national_cuisine_id` int(11) NOT NULL,
  `difficulty_level` text NOT NULL,
  `image` text DEFAULT NULL,
  `portions` int(11) DEFAULT NULL,
  `cooking_time` int(11) DEFAULT NULL,
  `preparation_time` int(11) DEFAULT NULL,
  `updated_at` timestamp NOT NULL DEFAULT current_timestamp() ON UPDATE current_timestamp(),
  `API_id` int(11) DEFAULT NULL,
  PRIMARY KEY (`id`),
  UNIQUE KEY `id` (`id`),
  KEY `basic_ingredient_id` (`basic_ingredient_id`),
  KEY `national_cuisine_id` (`national_cuisine_id`),
  CONSTRAINT `recipes_ibfk_1` FOREIGN KEY (`basic_ingredient_id`) REFERENCES `ingredient` (`id`),
  CONSTRAINT `recipes_ibfk_2` FOREIGN KEY (`national_cuisine_id`) REFERENCES `national_cuisine` (`id`)
) ENGINE=InnoDB DEFAULT CHARSET=utf8mb4;

INSERT INTO `recipes` (`id`, `name`, `short_description`, `basic_ingredient_id`, `national_cuisine_id`, `difficulty_level`, `image`, `portions`, `cooking_time`, `preparation_time`, `updated_at`, `API_id`) VALUES
(1,	'Chocolate Gateau',	NULL,	80,	7,	'Easy',	'https://www.themealdb.com/images/media/meals/tqtywx1468317395.jpg',	NULL,	NULL,	NULL,	'2024-03-30 15:32:51',	52776),
(2,	'Baingan Bharta',	NULL,	81,	11,	'Hard',	'https://www.themealdb.com/images/media/meals/urtpqw1487341253.jpg',	NULL,	NULL,	NULL,	'2024-03-30 15:32:51',	52807),
(3,	'Beef Brisket Pot Roast',	NULL,	82,	12,	'Easy',	'https://www.themealdb.com/images/media/meals/ursuup1487348423.jpg',	NULL,	NULL,	NULL,	'2024-03-30 15:32:51',	52812),
(4,	'Beef and Oyster pie',	NULL,	12,	3,	'Easy',	'https://www.themealdb.com/images/media/meals/wrssvt1511556563.jpg',	NULL,	NULL,	NULL,	'2024-03-30 15:32:51',	52878),
(5,	'Beef Lo Mein',	NULL,	12,	17,	'Very hard',	'https://www.themealdb.com/images/media/meals/1529444830.jpg',	NULL,	NULL,	NULL,	'2024-03-30 15:32:51',	52952),
(6,	'Breakfast Potatoes',	NULL,	7,	13,	'Hard',	'https://www.themealdb.com/images/media/meals/1550441882.jpg',	NULL,	NULL,	NULL,	'2024-03-30 15:32:51',	52965),
(7,	'Bitterballen (Dutch meatballs)',	NULL,	30,	4,	'Medium',	'https://www.themealdb.com/images/media/meals/lhqev81565090111.jpg',	NULL,	NULL,	NULL,	'2024-03-30 15:32:51',	52979),
(8,	'Beef Rendang',	NULL,	12,	14,	'Easy',	'https://www.themealdb.com/images/media/meals/bc8v651619789840.jpg',	NULL,	NULL,	NULL,	'2024-03-30 15:32:51',	53053),
(9,	'Bread omelette',	NULL,	83,	11,	'Hard',	'https://www.themealdb.com/images/media/meals/hqaejl1695738653.jpg',	NULL,	NULL,	NULL,	'2024-03-30 15:32:51',	53076),
(10,	'Beetroot Soup (Borscht)',	NULL,	84,	15,	'Easy',	'https://www.themealdb.com/images/media/meals/zadvgb1699012544.jpg',	NULL,	NULL,	NULL,	'2024-03-30 15:32:51',	53078),
(11,	'Chicken Handi',	NULL,	1,	11,	'Hard',	'https://www.themealdb.com/images/media/meals/wyxwsp1486979827.jpg',	NULL,	NULL,	NULL,	'2024-03-30 15:32:51',	53088),
(12,	'Cajun spiced fish tacos',	NULL,	85,	2,	'Very hard',	'https://www.themealdb.com/images/media/meals/uvuyxu1503067369.jpg',	NULL,	NULL,	NULL,	'2024-03-30 15:32:51',	53091),
(13,	'Coq au vin',	NULL,	86,	7,	'Medium',	'https://www.themealdb.com/images/media/meals/qstyvs1505931190.jpg',	NULL,	NULL,	NULL,	'2024-03-30 15:32:51',	53094),
(14,	'Chicken & mushroom Hotpot',	NULL,	30,	3,	'Very easy',	'https://www.themealdb.com/images/media/meals/uuuspp1511297945.jpg',	NULL,	NULL,	NULL,	'2024-03-30 15:32:51',	53098),
(15,	'Chicken Ham and Leek Pie',	NULL,	87,	3,	'Medium',	'https://www.themealdb.com/images/media/meals/xrrtss1511555269.jpg',	NULL,	NULL,	NULL,	'2024-03-30 15:32:51',	53104),
(16,	'Chicken Congee',	NULL,	1,	17,	'Hard',	'https://www.themealdb.com/images/media/meals/1529446352.jpg',	NULL,	NULL,	NULL,	'2024-03-30 15:32:51',	53114),
(17,	'Chocolate Caramel Crispy',	NULL,	88,	3,	'Hard',	'https://www.themealdb.com/images/media/meals/1550442508.jpg',	NULL,	NULL,	NULL,	'2024-03-30 15:32:51',	53115),
(18,	'Christmas Pudding Trifle',	NULL,	89,	3,	'Very easy',	'https://www.themealdb.com/images/media/meals/r33cud1576791081.jpg',	NULL,	NULL,	NULL,	'2024-03-30 15:32:51',	53119),
(19,	'Crispy Sausages and Greens',	NULL,	67,	9,	'Hard',	'https://www.themealdb.com/images/media/meals/st1ifa1583267248.jpg',	NULL,	NULL,	NULL,	'2024-03-30 15:32:51',	53123),
(20,	'Cevapi Sausages',	NULL,	90,	25,	'Very easy',	'https://www.themealdb.com/images/media/meals/vc08jn1628769553.jpg',	NULL,	NULL,	NULL,	'2024-03-30 15:32:51',	53127),
(21,	'Dal fry',	NULL,	91,	11,	'Very easy',	'https://www.themealdb.com/images/media/meals/wuxrtu1483564410.jpg',	NULL,	NULL,	NULL,	'2024-03-30 15:32:51',	53133),
(22,	'Eccles Cakes',	NULL,	30,	3,	'Easy',	'https://www.themealdb.com/images/media/meals/wtqrqw1511639627.jpg',	NULL,	NULL,	NULL,	'2024-03-30 15:32:51',	53137),
(23,	'Egyptian Fatteh',	NULL,	12,	23,	'Hard',	'https://www.themealdb.com/images/media/meals/rlwcc51598734603.jpg',	NULL,	NULL,	NULL,	'2024-03-30 15:32:51',	53141),
(24,	'Fettucine alfredo',	NULL,	92,	8,	'Easy',	'https://www.themealdb.com/images/media/meals/uquqtu1511178042.jpg',	NULL,	NULL,	NULL,	'2024-03-30 15:32:51',	53145),
(25,	'Flamiche',	NULL,	30,	7,	'Very easy',	'https://www.themealdb.com/images/media/meals/wssvvs1511785879.jpg',	NULL,	NULL,	NULL,	'2024-03-30 15:32:51',	53148),
(26,	'Feteer Meshaltet',	NULL,	23,	23,	'Very hard',	'https://www.themealdb.com/images/media/meals/9f4z6v1598734293.jpg',	NULL,	NULL,	NULL,	'2024-03-30 15:32:51',	53155),
(27,	'Fettuccine Alfredo',	NULL,	93,	8,	'Easy',	'https://www.themealdb.com/images/media/meals/0jv5gx1661040802.jpg',	NULL,	NULL,	NULL,	'2024-03-30 15:32:51',	53158),
(28,	'Garides Saganaki',	NULL,	94,	1,	'Hard',	'https://www.themealdb.com/images/media/meals/wuvryu1468232995.jpg',	NULL,	NULL,	NULL,	'2024-03-30 15:32:51',	53160),
(29,	'Grilled Mac and Cheese Sandwich',	NULL,	95,	12,	'Very hard',	'https://www.themealdb.com/images/media/meals/xutquv1505330523.jpg',	NULL,	NULL,	NULL,	'2024-03-30 15:32:51',	53161),
(30,	'Honey Teriyaki Salmon',	NULL,	44,	5,	'Hard',	'https://www.themealdb.com/images/media/meals/xxyupu1468262513.jpg',	NULL,	NULL,	NULL,	'2024-03-30 15:32:51',	53167),
(31,	'Japanese gohan rice',	NULL,	96,	5,	'Medium',	'https://www.themealdb.com/images/media/meals/kw92t41604181871.jpg',	NULL,	NULL,	NULL,	'2024-03-30 15:32:51',	53178),
(32,	'Laksa King Prawn Noodles',	NULL,	86,	14,	'Very easy',	'https://www.themealdb.com/images/media/meals/rvypwy1503069308.jpg',	NULL,	NULL,	NULL,	'2024-03-30 15:32:51',	53196),
(33,	'Lamb Tagine',	NULL,	86,	10,	'Very hard',	'https://www.themealdb.com/images/media/meals/yuwtuu1511295751.jpg',	NULL,	NULL,	NULL,	'2024-03-30 15:32:51',	53197),
(34,	'Lamb and Potato pie',	NULL,	97,	3,	'Very easy',	'https://www.themealdb.com/images/media/meals/sxrpws1511555907.jpg',	NULL,	NULL,	NULL,	'2024-03-30 15:32:51',	53199),
(35,	'Leblebi Soup',	NULL,	86,	19,	'Very hard',	'https://www.themealdb.com/images/media/meals/x2fw9e1560460636.jpg',	NULL,	NULL,	NULL,	'2024-03-30 15:32:51',	53201),
(36,	'Mushroom & Chestnut Rotolo',	NULL,	98,	3,	'Easy',	'https://www.themealdb.com/images/media/meals/ssyqwr1511451678.jpg',	NULL,	NULL,	NULL,	'2024-03-30 15:32:51',	53208),
(37,	'Minced Beef Pie',	NULL,	99,	3,	'Hard',	'https://www.themealdb.com/images/media/meals/xwutvy1511555540.jpg',	NULL,	NULL,	NULL,	'2024-03-30 15:32:51',	53210),
(38,	'Madeira Cake',	NULL,	30,	3,	'Medium',	'https://www.themealdb.com/images/media/meals/urtqut1511723591.jpg',	NULL,	NULL,	NULL,	'2024-03-30 15:32:51',	53212),
(39,	'Mulukhiyah',	NULL,	100,	23,	'Medium',	'https://www.themealdb.com/images/media/meals/x372ug1598733932.jpg',	NULL,	NULL,	NULL,	'2024-03-30 15:32:51',	53218),
(40,	'Mustard champ',	NULL,	7,	9,	'Hard',	'https://www.themealdb.com/images/media/meals/o7p9581608589317.jpg',	NULL,	NULL,	NULL,	'2024-03-30 15:32:51',	53219),
(41,	'Osso Buco alla Milanese',	NULL,	101,	8,	'Medium',	'https://www.themealdb.com/images/media/meals/wwuqvt1487345467.jpg',	NULL,	NULL,	NULL,	'2024-03-30 15:32:51',	53227),
(42,	'Oxtail with broad beans',	NULL,	102,	16,	'Very easy',	'https://www.themealdb.com/images/media/meals/1520083578.jpg',	NULL,	NULL,	NULL,	'2024-03-30 15:32:51',	53228),
(43,	'Pancakes',	NULL,	23,	12,	'Easy',	'https://www.themealdb.com/images/media/meals/rwuyqx1511383174.jpg',	NULL,	NULL,	NULL,	'2024-03-30 15:32:51',	53234),
(44,	'Parkin Cake',	NULL,	30,	3,	'Medium',	'https://www.themealdb.com/images/media/meals/qxuqtt1511724269.jpg',	NULL,	NULL,	NULL,	'2024-03-30 15:32:51',	53238),
(45,	'Provenal Omelette Cake',	NULL,	6,	7,	'Very hard',	'https://www.themealdb.com/images/media/meals/qwtrtp1511799242.jpg',	NULL,	NULL,	NULL,	'2024-03-30 15:32:51',	53240),
(46,	'Polskie Naleniki (Polish Pancakes)',	NULL,	23,	22,	'Medium',	'https://www.themealdb.com/images/media/meals/58bkyo1593350017.jpg',	NULL,	NULL,	NULL,	'2024-03-30 15:32:51',	53248),
(47,	'Piri-piri chicken and slaw',	NULL,	1,	23,	'Very hard',	'https://www.themealdb.com/images/media/meals/hglsbl1614346998.jpg',	NULL,	NULL,	NULL,	'2024-03-30 15:32:51',	53249),
(48,	'Portuguese prego with green piri-piri',	NULL,	48,	23,	'Very easy',	'https://www.themealdb.com/images/media/meals/ewcikl1614348364.jpg',	NULL,	NULL,	NULL,	'2024-03-30 15:32:51',	53250),
(49,	'Portuguese fish stew (Caldeirada de peixe)',	NULL,	103,	23,	'Medium',	'https://www.themealdb.com/images/media/meals/do7zps1614349775.jpg',	NULL,	NULL,	NULL,	'2024-03-30 15:32:51',	53252),
(50,	'Potato Salad (Olivier Salad)',	NULL,	7,	15,	'Medium',	'https://www.themealdb.com/images/media/meals/ebvuir1699013665.jpg',	NULL,	NULL,	NULL,	'2024-03-30 15:32:51',	53254),
(53305,	'Chocolate Caramel Crispy',	NULL,	80,	7,	'Easy',	NULL,	NULL,	NULL,	NULL,	'2024-05-01 16:43:36',	NULL),
(53306,	'Eggplant Bharta',	NULL,	81,	11,	'Hard',	NULL,	NULL,	NULL,	NULL,	'2024-05-01 16:43:36',	NULL),
(53307,	'Beef Brisket with Vegetables',	NULL,	82,	12,	'Easy',	NULL,	NULL,	NULL,	NULL,	'2024-05-01 16:43:36',	NULL),
(53308,	'Beef and Mushroom Pie',	NULL,	12,	3,	'Easy',	NULL,	NULL,	NULL,	NULL,	'2024-05-01 16:43:36',	NULL),
(53309,	'Beef Chow Mein',	NULL,	12,	17,	'Very hard',	NULL,	NULL,	NULL,	NULL,	'2024-05-01 16:43:36',	NULL),
(53310,	'Hash Browns',	NULL,	7,	13,	'Hard',	NULL,	NULL,	NULL,	NULL,	'2024-05-01 16:43:36',	NULL),
(53311,	'Dutch Meat Croquettes',	NULL,	30,	4,	'Medium',	NULL,	NULL,	NULL,	NULL,	'2024-05-01 16:43:36',	NULL),
(53312,	'Indonesian Beef Curry',	NULL,	12,	14,	'Easy',	NULL,	NULL,	NULL,	NULL,	'2024-05-01 16:43:36',	NULL),
(53313,	'Stuffed Bread Omelette',	NULL,	83,	11,	'Hard',	NULL,	NULL,	NULL,	NULL,	'2024-05-01 16:43:36',	NULL),
(53314,	'Russian Beet Soup',	NULL,	84,	15,	'Easy',	NULL,	NULL,	NULL,	NULL,	'2024-05-01 16:43:36',	NULL),
(53315,	'Indian Chicken Curry',	NULL,	1,	11,	'Hard',	NULL,	NULL,	NULL,	NULL,	'2024-05-01 16:43:36',	NULL),
(53316,	'Cajun Fish Tacos',	NULL,	85,	2,	'Very hard',	NULL,	NULL,	NULL,	NULL,	'2024-05-01 16:43:36',	NULL),
(53317,	'French Chicken Stew',	NULL,	86,	7,	'Medium',	NULL,	NULL,	NULL,	NULL,	'2024-05-01 16:43:36',	NULL),
(53318,	'Chicken and Mushroom Casserole',	NULL,	30,	3,	'Very easy',	NULL,	NULL,	NULL,	NULL,	'2024-05-01 16:43:36',	NULL),
(53319,	'Chicken and Leek Pie',	NULL,	87,	3,	'Medium',	NULL,	NULL,	NULL,	NULL,	'2024-05-01 16:43:36',	NULL),
(53320,	'Chinese Chicken Porridge',	NULL,	1,	17,	'Hard',	NULL,	NULL,	NULL,	NULL,	'2024-05-01 16:43:36',	NULL),
(53321,	'Festive Pudding Trifle',	NULL,	89,	3,	'Very easy',	NULL,	NULL,	NULL,	NULL,	'2024-05-01 16:43:36',	NULL),
(53322,	'Sausage and Greens Stir-Fry',	NULL,	67,	9,	'Hard',	NULL,	NULL,	NULL,	NULL,	'2024-05-01 16:43:36',	NULL),
(53323,	'Balkan Sausages',	NULL,	90,	25,	'Very easy',	NULL,	NULL,	NULL,	NULL,	'2024-05-01 16:43:36',	NULL),
(53324,	'Indian Lentil Curry',	NULL,	91,	11,	'Very easy',	NULL,	NULL,	NULL,	NULL,	'2024-05-01 16:43:36',	NULL),
(53325,	'British Pastry Cakes',	NULL,	30,	3,	'Easy',	NULL,	NULL,	NULL,	NULL,	'2024-05-01 16:43:36',	NULL),
(53326,	'Middle Eastern Chickpea Dish',	NULL,	12,	23,	'Hard',	NULL,	NULL,	NULL,	NULL,	'2024-05-01 16:43:36',	NULL),
(53327,	'Alfredo Pasta',	NULL,	92,	8,	'Easy',	NULL,	NULL,	NULL,	NULL,	'2024-05-01 16:43:36',	NULL),
(53328,	'French Leek Pie',	NULL,	30,	7,	'Very easy',	NULL,	NULL,	NULL,	NULL,	'2024-05-01 16:43:36',	NULL),
(53329,	'Egyptian Pastry',	NULL,	23,	23,	'Very hard',	NULL,	NULL,	NULL,	NULL,	'2024-05-01 16:43:36',	NULL),
(53330,	'Creamy Pasta',	NULL,	93,	8,	'Easy',	NULL,	NULL,	NULL,	NULL,	'2024-05-01 16:43:36',	NULL),
(53331,	'Greek Shrimp Appetizer',	NULL,	94,	1,	'Hard',	NULL,	NULL,	NULL,	NULL,	'2024-05-01 16:43:36',	NULL),
(53332,	'Gourmet Grilled Cheese',	NULL,	95,	12,	'Very hard',	NULL,	NULL,	NULL,	NULL,	'2024-05-01 16:43:36',	NULL),
(53333,	'Glazed Teriyaki Salmon',	NULL,	44,	5,	'Hard',	NULL,	NULL,	NULL,	NULL,	'2024-05-01 16:43:36',	NULL),
(53334,	'Japanese Rice Bowl',	NULL,	96,	5,	'Medium',	NULL,	NULL,	NULL,	NULL,	'2024-05-01 16:43:36',	NULL),
(53335,	'Malaysian Prawn Noodle Soup',	NULL,	86,	14,	'Very easy',	NULL,	NULL,	NULL,	NULL,	'2024-05-01 16:43:36',	NULL),
(53336,	'Moroccan Lamb Stew',	NULL,	86,	10,	'Very hard',	NULL,	NULL,	NULL,	NULL,	'2024-05-01 16:43:36',	NULL),
(53337,	'Lamb and Potato Casserole',	NULL,	97,	3,	'Very easy',	NULL,	NULL,	NULL,	NULL,	'2024-05-01 16:43:36',	NULL),
(53338,	'Turkish Chickpea Soup',	NULL,	86,	19,	'Very hard',	NULL,	NULL,	NULL,	NULL,	'2024-05-01 16:43:36',	NULL),
(53339,	'Mushroom and Chestnut Roulade',	NULL,	98,	3,	'Easy',	NULL,	NULL,	NULL,	NULL,	'2024-05-01 16:43:36',	NULL),
(53340,	'Ground Beef Pie',	NULL,	99,	3,	'Hard',	NULL,	NULL,	NULL,	NULL,	'2024-05-01 16:43:36',	NULL),
(53341,	'British Sponge Cake',	NULL,	30,	3,	'Medium',	NULL,	NULL,	NULL,	NULL,	'2024-05-01 16:43:36',	NULL),
(53342,	'Middle Eastern Stew',	NULL,	100,	23,	'Medium',	NULL,	NULL,	NULL,	NULL,	'2024-05-01 16:43:36',	NULL),
(53343,	'Irish Mashed Potatoes',	NULL,	7,	9,	'Hard',	NULL,	NULL,	NULL,	NULL,	'2024-05-01 16:43:36',	NULL),
(53344,	'Milanese Veal Shank',	NULL,	101,	8,	'Medium',	NULL,	NULL,	NULL,	NULL,	'2024-05-01 16:43:36',	NULL),
(53345,	'Oxtail Stew',	NULL,	102,	16,	'Very easy',	NULL,	NULL,	NULL,	NULL,	'2024-05-01 16:43:36',	NULL),
(53346,	'Flapjacks',	NULL,	23,	12,	'Easy',	NULL,	NULL,	NULL,	NULL,	'2024-05-01 16:43:36',	NULL),
(53347,	'Spiced Gingerbread Cake',	NULL,	30,	3,	'Medium',	NULL,	NULL,	NULL,	NULL,	'2024-05-01 16:43:36',	NULL),
(53348,	'French Egg Casserole',	NULL,	6,	7,	'Very hard',	NULL,	NULL,	NULL,	NULL,	'2024-05-01 16:43:36',	NULL),
(53349,	'Polish Crepes',	NULL,	23,	22,	'Medium',	NULL,	NULL,	NULL,	NULL,	'2024-05-01 16:43:36',	NULL),
(53350,	'Portuguese Spicy Chicken with Coleslaw',	NULL,	1,	23,	'Very hard',	NULL,	NULL,	NULL,	NULL,	'2024-05-01 16:43:36',	NULL),
(53351,	'Portuguese Steak Sandwich',	NULL,	48,	23,	'Very easy',	NULL,	NULL,	NULL,	NULL,	'2024-05-01 16:43:36',	NULL),
(53352,	'Portuguese Seafood Stew',	NULL,	103,	23,	'Medium',	NULL,	NULL,	NULL,	NULL,	'2024-05-01 16:43:36',	NULL),
(53353,	'Russian Potato Salad',	NULL,	7,	15,	'Medium',	NULL,	NULL,	NULL,	NULL,	'2024-05-01 16:43:36',	NULL);

DROP TABLE IF EXISTS `recipes-themes`;
CREATE TABLE `recipes-themes` (
  `id` int(11) NOT NULL AUTO_INCREMENT,
  `recipe_id` int(11) NOT NULL,
  `themes_id` int(11) NOT NULL,
  `updated_at` timestamp NOT NULL DEFAULT current_timestamp() ON UPDATE current_timestamp(),
  PRIMARY KEY (`id`),
  KEY `recipe_id` (`recipe_id`),
  KEY `themes_id` (`themes_id`),
  CONSTRAINT `recipes-themes_ibfk_1` FOREIGN KEY (`recipe_id`) REFERENCES `recipes` (`id`),
  CONSTRAINT `recipes-themes_ibfk_2` FOREIGN KEY (`themes_id`) REFERENCES `themes` (`id`)
) ENGINE=InnoDB DEFAULT CHARSET=utf8mb4;


DROP TABLE IF EXISTS `specializes`;
CREATE TABLE `specializes` (
  `id` int(11) NOT NULL AUTO_INCREMENT,
  `chef_id` int(11) NOT NULL,
  `national_cuisine_id` int(11) DEFAULT NULL,
  `updated_at` timestamp NOT NULL DEFAULT current_timestamp() ON UPDATE current_timestamp(),
  PRIMARY KEY (`id`),
  KEY `chef_id` (`chef_id`),
  KEY `national_cuisine_id` (`national_cuisine_id`),
  CONSTRAINT `specializes_ibfk_1` FOREIGN KEY (`chef_id`) REFERENCES `chef` (`id`),
  CONSTRAINT `specializes_ibfk_2` FOREIGN KEY (`national_cuisine_id`) REFERENCES `national_cuisine` (`id`)
) ENGINE=InnoDB DEFAULT CHARSET=utf8mb4;

INSERT INTO `specializes` (`id`, `chef_id`, `national_cuisine_id`, `updated_at`) VALUES
(1,	1,	11,	'2024-04-29 09:47:22'),
(2,	2,	7,	'2024-04-29 09:47:22'),
(3,	3,	26,	'2024-04-29 09:47:22'),
(4,	4,	5,	'2024-04-29 09:47:22'),
(5,	5,	1,	'2024-04-29 09:47:22'),
(6,	6,	14,	'2024-04-29 09:47:22'),
(7,	7,	13,	'2024-04-29 09:47:22'),
(8,	8,	24,	'2024-04-29 09:47:22'),
(9,	9,	4,	'2024-04-29 09:47:22'),
(10,	10,	25,	'2024-04-29 09:47:22'),
(11,	11,	10,	'2024-04-29 09:47:22'),
(12,	12,	25,	'2024-04-29 09:47:22'),
(13,	13,	18,	'2024-04-29 09:47:22'),
(14,	14,	13,	'2024-04-29 09:47:22'),
(15,	15,	12,	'2024-04-29 09:47:22'),
(16,	16,	22,	'2024-04-29 09:47:22'),
(17,	17,	18,	'2024-04-29 09:47:22'),
(18,	18,	25,	'2024-04-29 09:47:22'),
(19,	19,	17,	'2024-04-29 09:47:22'),
(20,	20,	9,	'2024-04-29 09:47:22'),
(21,	21,	22,	'2024-04-29 09:47:22'),
(22,	22,	2,	'2024-04-29 09:47:22'),
(23,	23,	21,	'2024-04-29 09:47:22'),
(24,	24,	24,	'2024-04-29 09:47:22'),
(25,	25,	1,	'2024-04-29 09:47:22'),
(26,	26,	13,	'2024-04-29 09:47:22'),
(27,	27,	7,	'2024-04-29 09:47:22'),
(28,	28,	23,	'2024-04-29 09:47:22'),
(29,	29,	17,	'2024-04-29 09:47:22'),
(30,	30,	15,	'2024-04-29 09:47:22'),
(31,	31,	23,	'2024-04-29 09:47:22'),
(32,	32,	19,	'2024-04-29 09:47:22'),
(33,	33,	24,	'2024-04-29 09:47:22'),
(34,	34,	9,	'2024-04-29 09:47:22'),
(35,	35,	26,	'2024-04-29 09:47:22'),
(36,	36,	23,	'2024-04-29 09:47:22'),
(37,	37,	10,	'2024-04-29 09:47:22'),
(38,	38,	9,	'2024-04-29 09:47:22'),
(39,	39,	12,	'2024-04-29 09:47:22'),
(40,	40,	9,	'2024-04-29 09:47:22'),
(41,	41,	6,	'2024-04-29 09:47:22'),
(42,	42,	4,	'2024-04-29 09:47:22'),
(43,	43,	3,	'2024-04-29 09:47:22'),
(44,	44,	26,	'2024-04-29 09:47:22'),
(45,	45,	18,	'2024-04-29 09:47:22'),
(46,	46,	13,	'2024-04-29 09:47:22'),
(47,	47,	7,	'2024-04-29 09:47:22'),
(48,	48,	25,	'2024-04-29 09:47:22'),
(49,	49,	24,	'2024-04-29 09:47:22'),
(50,	50,	16,	'2024-04-29 09:47:22'),
(51,	51,	11,	'2024-04-29 09:47:22'),
(52,	52,	6,	'2024-04-29 09:47:22'),
(53,	53,	24,	'2024-04-29 09:47:22'),
(54,	54,	21,	'2024-04-29 09:47:22'),
(55,	55,	5,	'2024-04-29 09:47:22'),
(56,	56,	16,	'2024-04-29 09:47:22'),
(57,	57,	13,	'2024-04-29 09:47:22'),
(58,	58,	16,	'2024-04-29 09:47:22'),
(59,	59,	16,	'2024-04-29 09:47:22'),
(60,	60,	5,	'2024-04-29 09:47:22'),
(61,	61,	3,	'2024-04-29 09:47:22'),
(62,	62,	25,	'2024-04-29 09:47:22'),
(63,	63,	10,	'2024-04-29 09:47:22'),
(64,	64,	1,	'2024-04-29 09:47:22'),
(65,	65,	26,	'2024-04-29 09:47:22'),
(66,	66,	25,	'2024-04-29 09:47:22'),
(67,	67,	19,	'2024-04-29 09:47:22'),
(68,	68,	22,	'2024-04-29 09:47:22'),
(69,	69,	23,	'2024-04-29 09:47:22'),
(70,	70,	23,	'2024-04-29 09:47:22'),
(71,	71,	20,	'2024-04-29 09:47:22'),
(72,	72,	5,	'2024-04-29 09:47:22'),
(73,	73,	17,	'2024-04-29 09:47:22'),
(74,	74,	16,	'2024-04-29 09:47:22'),
(75,	75,	4,	'2024-04-29 09:47:22'),
(76,	76,	21,	'2024-04-29 09:47:22'),
(77,	77,	15,	'2024-04-29 09:47:22'),
(78,	78,	12,	'2024-04-29 09:47:22'),
(79,	79,	13,	'2024-04-29 09:47:22'),
(80,	80,	3,	'2024-04-29 09:47:22'),
(81,	81,	1,	'2024-04-29 09:47:22'),
(82,	82,	21,	'2024-04-29 09:47:22'),
(83,	83,	26,	'2024-04-29 09:47:22'),
(84,	84,	15,	'2024-04-29 09:47:22'),
(85,	85,	21,	'2024-04-29 09:47:22'),
(86,	86,	9,	'2024-04-29 09:47:22'),
(87,	87,	5,	'2024-04-29 09:47:22'),
(88,	88,	24,	'2024-04-29 09:47:22'),
(89,	89,	26,	'2024-04-29 09:47:22'),
(90,	90,	7,	'2024-04-29 09:47:22'),
(91,	91,	6,	'2024-04-29 09:47:22'),
(92,	92,	9,	'2024-04-29 09:47:22'),
(93,	93,	1,	'2024-04-29 09:47:22'),
(94,	94,	3,	'2024-04-29 09:47:22'),
(95,	95,	12,	'2024-04-29 09:47:22'),
(96,	96,	25,	'2024-04-29 09:47:22'),
(97,	97,	9,	'2024-04-29 09:47:22'),
(98,	98,	23,	'2024-04-29 09:47:22'),
(99,	99,	8,	'2024-04-29 09:47:22'),
(100,	100,	25,	'2024-04-29 09:47:22'),
(101,	101,	21,	'2024-04-29 09:47:22'),
(102,	102,	3,	'2024-04-29 09:47:22'),
(103,	103,	4,	'2024-04-29 09:47:22'),
(104,	104,	9,	'2024-04-29 09:47:22'),
(105,	105,	7,	'2024-04-29 09:47:22'),
(106,	106,	7,	'2024-04-29 09:47:22'),
(107,	107,	15,	'2024-04-29 09:47:22'),
(108,	108,	26,	'2024-04-29 09:47:22'),
(109,	109,	9,	'2024-04-29 09:47:22'),
(110,	110,	16,	'2024-04-29 09:47:22'),
(111,	111,	1,	'2024-04-29 09:47:22'),
(112,	112,	11,	'2024-04-29 09:47:22'),
(113,	113,	22,	'2024-04-29 09:47:22'),
(114,	114,	1,	'2024-04-29 09:47:22'),
(115,	115,	18,	'2024-04-29 09:47:22'),
(116,	116,	6,	'2024-04-29 09:47:22'),
(117,	117,	1,	'2024-04-29 09:47:22'),
(118,	118,	14,	'2024-04-29 09:47:22'),
(119,	119,	15,	'2024-04-29 09:47:22'),
(120,	120,	4,	'2024-04-29 09:47:22'),
(121,	121,	26,	'2024-04-29 09:47:22'),
(122,	122,	17,	'2024-04-29 09:47:22'),
(123,	123,	4,	'2024-04-29 09:47:22'),
(124,	124,	19,	'2024-04-29 09:47:22'),
(125,	125,	7,	'2024-04-29 09:47:22'),
(126,	126,	1,	'2024-04-29 09:47:22'),
(127,	127,	10,	'2024-04-29 09:47:22'),
(128,	128,	20,	'2024-04-29 09:47:22'),
(129,	129,	20,	'2024-04-29 09:47:22'),
(130,	130,	12,	'2024-04-29 09:47:22'),
(131,	131,	24,	'2024-04-29 09:47:22'),
(132,	132,	8,	'2024-04-29 09:47:22'),
(133,	133,	20,	'2024-04-29 09:47:22'),
(134,	134,	21,	'2024-04-29 09:47:22'),
(135,	135,	19,	'2024-04-29 09:47:22'),
(136,	136,	4,	'2024-04-29 09:47:22'),
(137,	137,	15,	'2024-04-29 09:47:22'),
(138,	138,	10,	'2024-04-29 09:47:22'),
(139,	139,	6,	'2024-04-29 09:47:22'),
(140,	140,	1,	'2024-04-29 09:47:22'),
(141,	141,	11,	'2024-04-29 09:47:22'),
(142,	142,	1,	'2024-04-29 09:47:22'),
(143,	143,	21,	'2024-04-29 09:47:22'),
(144,	144,	25,	'2024-04-29 09:47:22'),
(145,	145,	11,	'2024-04-29 09:47:22'),
(146,	146,	3,	'2024-04-29 09:47:22'),
(147,	147,	7,	'2024-04-29 09:47:22'),
(148,	148,	24,	'2024-04-29 09:47:22'),
(149,	149,	24,	'2024-04-29 09:47:22'),
(150,	150,	19,	'2024-04-29 09:47:22');

DROP TABLE IF EXISTS `steps`;
CREATE TABLE `steps` (
  `id` int(11) NOT NULL AUTO_INCREMENT,
  `step_number` tinyint(4) NOT NULL,
  `step_description` text NOT NULL,
  `recipe_id` int(11) NOT NULL,
  `updated_at` timestamp NOT NULL DEFAULT current_timestamp() ON UPDATE current_timestamp(),
  PRIMARY KEY (`id`),
  KEY `recipe_id` (`recipe_id`),
  CONSTRAINT `steps_ibfk_1` FOREIGN KEY (`recipe_id`) REFERENCES `recipes` (`id`)
) ENGINE=InnoDB DEFAULT CHARSET=utf8mb4;

INSERT INTO `steps` (`id`, `step_number`, `step_description`, `recipe_id`, `updated_at`) VALUES
(1,	1,	'Preheat the oven to 180C/350F/Gas Mark 4.',	1,	'2024-03-30 14:30:58'),
(2,	2,	'Grease and line the base of an 8-inch round springform cake tin with baking parchment.',	1,	'2024-03-30 14:30:58'),
(3,	3,	'Break the chocolate into a heatproof bowl and melt it.',	1,	'2024-03-30 14:30:58'),
(4,	4,	'Cream together butter and sugar until light and fluffy.',	1,	'2024-03-30 14:30:58'),
(5,	5,	'Gradually beat in the eggs, then fold in flour, melted chocolate, and milk until smooth.',	1,	'2024-03-30 14:30:58'),
(6,	1,	'Marinate beef with salt, white pepper, sesame seed oil, egg, corn starch, and oil.',	5,	'2024-03-30 14:32:39'),
(7,	2,	'Boil noodles until just cooked, then strain and cool with cold water.',	5,	'2024-03-30 14:32:39'),
(8,	3,	'Stir-fry beef until medium cooked, then set aside.',	5,	'2024-03-30 14:32:39'),
(9,	4,	'Stir-fry onions, garlic, ginger, bean sprouts, mushrooms, and peapods in oil and water.',	5,	'2024-03-30 14:32:39'),
(10,	5,	'Add noodles to the wok, then make the sauce and add it along with the beef, stirring until combined.',	5,	'2024-03-30 14:32:39'),
(11,	1,	'Freeze bacon slices for easier chopping.',	6,	'2024-03-30 14:32:49'),
(12,	2,	'Wash and dice potatoes, then cook in oil until browned.',	6,	'2024-03-30 14:32:49'),
(13,	3,	'Add chopped bacon to the skillet and cook until crispy.',	6,	'2024-03-30 14:32:49'),
(14,	4,	'Stir in minced garlic and cook until fragrant.',	6,	'2024-03-30 14:32:49'),
(15,	5,	'Drizzle maple syrup over the potatoes and cook until caramelized.',	6,	'2024-03-30 14:32:49'),
(16,	1,	'Rinse the eggplant and pat dry, then apply oil and roast over an open flame until tender.',	2,	'2024-03-30 14:33:24'),
(17,	2,	'Optionally, embed garlic cloves in the eggplant and roast.',	2,	'2024-03-30 14:33:24'),
(18,	3,	'If desired, infuse smoky flavor using the dhungar technique with charcoal.',	2,	'2024-03-30 14:33:24'),
(19,	4,	'Peel the roasted eggplant and chop or mash finely.',	2,	'2024-03-30 14:33:24'),
(20,	5,	'In a pan, saut onions, garlic, and green chilies, then add tomatoes and cook until soft.',	2,	'2024-03-30 14:33:24'),
(21,	6,	'Mix in red chili powder, salt, and the chopped eggplant, then cook until well combined.',	2,	'2024-03-30 14:33:24'),
(22,	7,	'Finally, stir in coriander leaves and serve with bread, rice, or chapatis.',	2,	'2024-03-30 14:33:24'),
(23,	1,	'Prepare the brisket by scoring the fat and salting it, then let it sit at room temperature.',	3,	'2024-03-30 14:33:31'),
(24,	2,	'Sear the brisket in a pot until browned on both sides, then remove and set aside.',	3,	'2024-03-30 14:33:31'),
(25,	3,	'Saut onions and garlic in the same pot until lightly browned, then return the brisket.',	3,	'2024-03-30 14:33:31'),
(26,	4,	'Add herbs, beef stock, and bring to a boil, then cover and cook in the oven.',	3,	'2024-03-30 14:33:31'),
(27,	5,	'After a few hours, add carrots to the pot and continue cooking until tender.',	3,	'2024-03-30 14:33:31'),
(28,	1,	'Season beef cubes with salt and black pepper, then fry in batches until browned.',	4,	'2024-03-30 14:33:37'),
(29,	2,	'In the same pan, saut shallots, garlic, and bacon until browned.',	4,	'2024-03-30 14:33:37'),
(30,	3,	'Deglaze the pan with stout, then pour over the beef in a casserole dish.',	4,	'2024-03-30 14:33:37'),
(31,	4,	'Add stock to the casserole dish, cover, and cook in the oven until beef is tender.',	4,	'2024-03-30 14:33:37'),
(32,	5,	'Make a pastry dough, roll out, and cover the casserole dish, then bake until golden brown.',	4,	'2024-03-30 14:33:37'),
(33,	1,	'Cook pasta in boiling salted water until al dente, then drain and set aside.',	7,	'2024-03-30 14:34:21'),
(34,	2,	'In a pan, heat olive oil and saut garlic until fragrant.',	7,	'2024-03-30 14:34:21'),
(35,	3,	'Add chopped tomatoes, tomato paste, and season with salt, pepper, and Italian herbs.',	7,	'2024-03-30 14:34:21'),
(36,	4,	'Simmer the sauce until it thickens slightly, then stir in cooked pasta.',	7,	'2024-03-30 14:34:21'),
(37,	5,	'Garnish with fresh basil leaves and grated Parmesan cheese before serving.',	7,	'2024-03-30 14:34:21'),
(38,	1,	'Preheat oven to 180C (350F) and line muffin tins with paper liners.',	8,	'2024-03-30 14:34:34'),
(39,	2,	'In a bowl, whisk together flour, cocoa powder, sugar, baking powder, and salt.',	8,	'2024-03-30 14:34:34'),
(40,	3,	'In another bowl, mix eggs, milk, oil, and vanilla extract until well combined.',	8,	'2024-03-30 14:34:34'),
(41,	4,	'Combine wet and dry ingredients, then fold in chocolate chips.',	8,	'2024-03-30 14:34:34'),
(42,	5,	'Divide batter evenly among muffin cups and bake for 20-25 minutes or until a toothpick comes out clean.',	8,	'2024-03-30 14:34:34'),
(43,	1,	'Marinate chicken pieces in yogurt, lemon juice, and spices for at least 1 hour.',	9,	'2024-03-30 14:34:40'),
(44,	2,	'Skewer marinated chicken and grill until cooked through, turning occasionally.',	9,	'2024-03-30 14:34:40'),
(45,	3,	'Serve chicken tikka with sliced onions, lemon wedges, and mint chutney.',	9,	'2024-03-30 14:34:40'),
(46,	1,	'Preheat oven to 180C (350F) and grease a baking dish.',	10,	'2024-03-30 14:34:48'),
(47,	2,	'In a bowl, mix together mashed sweet potatoes, milk, melted butter, eggs, and vanilla extract.',	10,	'2024-03-30 14:34:48'),
(48,	3,	'Stir in brown sugar, cinnamon, nutmeg, and salt until well combined.',	10,	'2024-03-30 14:34:48'),
(49,	4,	'Transfer the mixture to the prepared baking dish and sprinkle with pecans.',	10,	'2024-03-30 14:34:48'),
(50,	5,	'Bake for 25-30 minutes or until the sweet potato mixture is set and pecans are toasted.',	10,	'2024-03-30 14:34:48'),
(51,	1,	'Cook quinoa according to package instructions and set aside.',	11,	'2024-03-30 14:35:12'),
(52,	2,	'In a large skillet, heat olive oil over medium heat and saut onions until translucent.',	11,	'2024-03-30 14:35:12'),
(53,	3,	'Add diced bell peppers and cook until softened, then stir in cooked quinoa.',	11,	'2024-03-30 14:35:12'),
(54,	4,	'Season with cumin, chili powder, salt, and pepper, and cook for a few more minutes.',	11,	'2024-03-30 14:35:12'),
(55,	5,	'Serve the quinoa and bell pepper mixture topped with chopped cilantro and a squeeze of lime juice.',	11,	'2024-03-30 14:35:12'),
(56,	1,	'Preheat oven to 200C (400F) and line a baking sheet with parchment paper.',	12,	'2024-03-30 14:35:19'),
(57,	2,	'Toss cauliflower florets with olive oil, salt, and pepper on the prepared baking sheet.',	12,	'2024-03-30 14:35:19'),
(58,	3,	'Roast cauliflower in the preheated oven for 20-25 minutes or until golden brown and tender.',	12,	'2024-03-30 14:35:19'),
(59,	4,	'Meanwhile, mix together tahini, lemon juice, garlic, and water to make the tahini sauce.',	12,	'2024-03-30 14:35:19'),
(60,	5,	'Serve roasted cauliflower drizzled with tahini sauce and sprinkled with chopped parsley.',	12,	'2024-03-30 14:35:19'),
(61,	1,	'In a bowl, combine diced tomatoes, diced cucumbers, chopped onions, and chopped parsley.',	13,	'2024-03-30 14:35:26'),
(62,	2,	'Drizzle olive oil and lemon juice over the salad, then season with salt and pepper to taste.',	13,	'2024-03-30 14:35:26'),
(63,	3,	'Toss the salad gently until well combined and evenly coated with the dressing.',	13,	'2024-03-30 14:35:26'),
(64,	4,	'Chill the salad in the refrigerator for at least 30 minutes before serving.',	13,	'2024-03-30 14:35:26'),
(65,	5,	'Garnish with feta cheese and olives before serving, if desired.',	13,	'2024-03-30 14:35:26'),
(66,	1,	'Preheat grill to medium-high heat and lightly oil the grate.',	14,	'2024-03-30 14:35:36'),
(67,	2,	'Rub chicken breasts with olive oil and season with salt, pepper, and paprika.',	14,	'2024-03-30 14:35:36'),
(68,	3,	'Grill chicken for 6-7 minutes per side or until cooked through and juices run clear.',	14,	'2024-03-30 14:35:36'),
(69,	4,	'In a small saucepan, melt butter and stir in minced garlic until fragrant.',	14,	'2024-03-30 14:35:36'),
(70,	5,	'Serve grilled chicken breasts drizzled with garlic butter sauce and garnish with chopped parsley.',	14,	'2024-03-30 14:35:36'),
(71,	1,	'Bring a large pot of salted water to a boil and cook spaghetti according to package instructions.',	15,	'2024-03-30 14:35:42'),
(72,	2,	'In a skillet, heat olive oil over medium heat and saut minced garlic until fragrant.',	15,	'2024-03-30 14:35:42'),
(73,	3,	'Add cherry tomatoes and cook until they start to burst, then season with salt and pepper.',	15,	'2024-03-30 14:35:42'),
(74,	4,	'Toss cooked spaghetti with the tomato mixture and fresh basil leaves.',	15,	'2024-03-30 14:35:42'),
(75,	5,	'Serve spaghetti aglio e olio topped with grated Parmesan cheese and a sprinkle of red pepper flakes.',	15,	'2024-03-30 14:35:42'),
(76,	1,	'Preheat oven to 180C (350F) and grease a baking dish with butter.',	16,	'2024-03-30 14:35:52'),
(77,	2,	'In a mixing bowl, beat eggs, milk, mustard, salt, and pepper until well combined.',	16,	'2024-03-30 14:35:52'),
(78,	3,	'Layer bread slices and shredded cheese in the prepared baking dish.',	16,	'2024-03-30 14:35:52'),
(79,	4,	'Pour the egg mixture over the bread and cheese layers, ensuring all bread is soaked.',	16,	'2024-03-30 14:35:52'),
(80,	5,	'Bake for 30-35 minutes or until the strata is set and golden brown on top.',	16,	'2024-03-30 14:35:52'),
(81,	1,	'Preheat oven to 200C (400F) and line a baking sheet with parchment paper.',	17,	'2024-03-30 14:36:17'),
(82,	2,	'In a large bowl, toss Brussels sprouts with olive oil, balsamic vinegar, salt, and pepper.',	17,	'2024-03-30 14:36:17'),
(83,	3,	'Spread Brussels sprouts in a single layer on the prepared baking sheet.',	17,	'2024-03-30 14:36:17'),
(84,	4,	'Roast in the preheated oven for 20-25 minutes or until tender and caramelized.',	17,	'2024-03-30 14:36:17'),
(85,	5,	'Serve roasted Brussels sprouts sprinkled with grated Parmesan cheese.',	17,	'2024-03-30 14:36:17'),
(86,	1,	'Cook farro according to package instructions and set aside.',	18,	'2024-03-30 14:36:23'),
(87,	2,	'In a large skillet, heat olive oil over medium heat and saut minced garlic until fragrant.',	18,	'2024-03-30 14:36:23'),
(88,	3,	'Add sliced mushrooms and cook until softened and browned.',	18,	'2024-03-30 14:36:23'),
(89,	4,	'Stir in cooked farro and chopped spinach, and cook until spinach is wilted.',	18,	'2024-03-30 14:36:23'),
(90,	5,	'Season with salt, pepper, and red pepper flakes, then serve hot.',	18,	'2024-03-30 14:36:23'),
(91,	1,	'Preheat oven to 180C (350F) and grease a muffin tin with cooking spray.',	19,	'2024-03-30 14:36:40'),
(92,	2,	'In a large bowl, mix together flour, baking powder, baking soda, salt, and sugar.',	19,	'2024-03-30 14:36:40'),
(93,	3,	'In another bowl, whisk together mashed bananas, eggs, melted butter, and vanilla extract.',	19,	'2024-03-30 14:36:40'),
(94,	4,	'Combine wet and dry ingredients until just combined, then gently fold in chocolate chips.',	19,	'2024-03-30 14:36:40'),
(95,	5,	'Divide the batter evenly among the muffin cups and bake for 20-25 minutes or until golden brown.',	19,	'2024-03-30 14:36:40'),
(96,	1,	'Cook rice noodles according to package instructions and set aside.',	20,	'2024-03-30 14:36:47'),
(97,	2,	'In a large skillet or wok, heat sesame oil over medium-high heat.',	20,	'2024-03-30 14:36:47'),
(98,	3,	'Add sliced bell peppers, shredded carrots, and snow peas, and stir-fry until tender-crisp.',	20,	'2024-03-30 14:36:47'),
(99,	4,	'Toss in cooked rice noodles and sauce until everything is well combined and heated through.',	20,	'2024-03-30 14:36:47'),
(100,	5,	'Serve hot garnished with chopped peanuts and fresh cilantro.',	20,	'2024-03-30 14:36:47'),
(101,	1,	'Preheat oven to 180C (350F) and line a baking sheet with parchment paper.',	21,	'2024-03-30 14:36:54'),
(102,	2,	'In a large bowl, mix together oats, almonds, coconut flakes, and cinnamon.',	21,	'2024-03-30 14:36:54'),
(103,	3,	'In a small saucepan, heat honey, coconut oil, and vanilla extract until melted and combined.',	21,	'2024-03-30 14:36:54'),
(104,	4,	'Pour the honey mixture over the oat mixture and stir until evenly coated.',	21,	'2024-03-30 14:36:54'),
(105,	5,	'Spread the mixture onto the prepared baking sheet and bake for 20-25 minutes, stirring halfway through.',	21,	'2024-03-30 14:36:54'),
(106,	1,	'Dice the butter and place it in the freezer until very hard. Tip flour into the bowl of a food processor with half the butter and pulse until the texture resembles breadcrumbs.',	22,	'2024-03-30 14:38:26'),
(107,	2,	'Pour in lemon juice and 100ml iced water, and pulse to form a dough. Add the rest of the butter and pulse a few times until the dough is flecked with butter.',	22,	'2024-03-30 14:38:26'),
(108,	3,	'On a floured surface, roll the pastry into a neat rectangle about 20 x 30cm. Fold the ends into the middle, then fold in half. Repeat this rolling and folding process three more times, resting the pastry for at least 15 minutes between each roll and fold.',	22,	'2024-03-30 14:38:26'),
(109,	4,	'Leave the pastry to rest in the fridge for at least 30 minutes before using. For the filling, melt the butter in a large saucepan. Stir in all other ingredients until completely mixed, then set aside.',	22,	'2024-03-30 14:38:26'),
(110,	5,	'Roll out the pastry until it\'s slightly thicker than a 1 coin and cut out 8 rounds about 12cm across. Place a spoonful of filling in the middle of each round, brush the edges with water, gather the pastry around the filling, and squeeze together. Flip them over, pat them into a smooth round, flatten with a rolling pin until the fruit starts to poke through, then place on a baking tray. Cut 2 slits in each, brush with egg white, and sprinkle with sugar. Bake at 220C/200C fan/gas 8 for 15-20 minutes until golden brown and sticky. Enjoy warm or cold.',	22,	'2024-03-30 14:38:26'),
(111,	1,	'Rip pita bread into bite-sized pieces and fry them in a pan with butter until golden brown and crisp. Place these pieces in a square glass baking dish and set aside.',	23,	'2024-03-30 14:38:43'),
(112,	2,	'In the same pan, add more butter, salt, crushed garlic cloves, and cumin. Stir until fragrant, then add the fried bread pieces back to the pan and coat them in the mixture. Transfer the coated bread back into the glass baking dish and set aside.',	23,	'2024-03-30 14:38:43'),
(113,	3,	'In a pot, melt butter and stir-fry the meat until brown. Add quartered onion, salt, pepper, chicken bouillon cube, and enough water to cover the meat. Bring to a boil, then simmer covered until tender, about 2 hours. Once cooled, remove chunks of meat and set aside, reserving the soup separately.',	23,	'2024-03-30 14:38:43'),
(114,	4,	'In another pot, melt butter, add shareya (fideo noodles), and stir until golden brown. Add rice and stir until some grains turn opaque white. Pour in water, add salt, bring to a boil, cover, and simmer until tender.',	23,	'2024-03-30 14:38:43'),
(115,	5,	'Pour some soup over the bread pieces in the baking dish to saturate. Add cooked rice on top, then spoon the remainder of the soup onto the rice, ensuring it reaches just to the top. The exact level doesn\'t need to be precise.',	23,	'2024-03-30 14:38:43'),
(116,	6,	'To prepare the red sauce, add oil or butter to a pan, along with crushed tomato, tomato paste, salt, pepper, crushed garlic, and cumin. Stir until fragrant and slightly thickened, adding water if needed. Spread the sauce over the rice.',	23,	'2024-03-30 14:38:43'),
(117,	7,	'For the fried meat, add butter or oil to a pan, along with the meat, tomato paste, crushed garlic, salt, pepper, and cumin. Cook until golden fried.',	23,	'2024-03-30 14:38:43'),
(118,	8,	'Spoon the fried meat over the rice and serve.',	23,	'2024-03-30 14:38:43'),
(119,	1,	'In a medium saucepan, stir clotted cream, butter, and cornflour over low heat until simmering. Turn off the heat and keep warm.',	24,	'2024-03-30 14:39:04'),
(120,	2,	'In a small bowl, combine cheese, nutmeg, black pepper, and stir together. Set aside.',	24,	'2024-03-30 14:39:04'),
(121,	3,	'Cook pasta in another pan with salted water until al dente. Reserve some cooking water, then drain the pasta.',	24,	'2024-03-30 14:39:04'),
(122,	4,	'Add pasta to the clotted cream mixture and sprinkle cheese mixture over it. Gently fold everything together over low heat until combined, then splash in some of the reserved cooking water.',	24,	'2024-03-30 14:39:04'),
(123,	5,	'Keep stirring until the water is absorbed, and the sauce is glossy. Check seasoning before transferring to heated bowls. Sprinkle with chives or parsley and serve immediately.',	24,	'2024-03-30 14:39:04'),
(124,	1,	'Sift flour and salt into a food processor bowl, add butter and lard, then pulse until the mixture resembles fine breadcrumbs.',	25,	'2024-03-30 14:39:21'),
(125,	2,	'Transfer the mixture to a bowl, stir in cheese and enough water for the mixture to come together into a dough.',	25,	'2024-03-30 14:39:21'),
(126,	3,	'Tip the dough onto a lightly floured surface, knead briefly until smooth, then roll out thinly and line a fluted flan tin.',	25,	'2024-03-30 14:39:21'),
(127,	4,	'Prick the base with a fork and chill for 20 minutes. Meanwhile, melt butter in a saucepan over low heat, then add leeks and salt. Cook covered for 10 minutes until soft, then uncover and cook for another 2 minutes until liquid evaporates. Spoon onto a plate and let cool.',	25,	'2024-03-30 14:39:21'),
(128,	5,	'Preheat oven to 200C/fan180C/gas 6. Line the pastry case with baking paper and baking beans or rice and blind bake for 15-20 minutes until the edges are biscuit-colored. Remove the paper and beans/rice, then return the case to the oven for 7-10 minutes until the base is crisp and lightly golden. Remove and set aside. Reduce oven temperature to 190C/fan170C/gas 5.',	25,	'2024-03-30 14:39:21'),
(129,	6,	'In a bowl, mix crme frache with whole egg, egg yolks, and nutmeg. Season, then stir in the leeks. Spoon the mixture into the tart case and bake for 35-40 minutes until set and lightly golden. Let cool for 10 minutes, then remove from the tin and serve.',	25,	'2024-03-30 14:39:21'),
(130,	1,	'Mix flour and salt, then gradually pour one cup of water while kneading until a very elastic dough is formed.',	26,	'2024-03-30 14:39:56'),
(131,	2,	'If needed, add the remaining water gradually until the dough is elastic and doesn\'t tear when pulled.',	26,	'2024-03-30 14:39:56'),
(132,	3,	'Let the dough rest for 10 minutes, then divide it into 6-8 balls.',	26,	'2024-03-30 14:39:56'),
(133,	4,	'Warm up the butter, ghee, or oil and immerse the dough balls into it, letting them rest for 15 to 20 minutes.',	26,	'2024-03-30 14:39:56'),
(134,	5,	'Preheat the oven to 550F. Stretch each ball thin on a clean countertop, fold it over itself to form a square, brushing between folds with the butter mixture. Place the folded dough on a baking dish and brush the top with more butter. Bake for 10 minutes until puffed, then broil to brown the top. Serve warm with additional butter if desired.',	26,	'2024-03-30 14:39:56'),
(135,	1,	'Cook pasta according to package instructions in boiling salted water.',	27,	'2024-03-30 14:40:04'),
(136,	2,	'In a large skillet, heat heavy cream and butter until bubbling, then whisk in Parmesan and seasoning until slightly thickened.',	27,	'2024-03-30 14:40:04'),
(137,	3,	'Add cooked pasta to the skillet and toss until coated in the sauce.',	27,	'2024-03-30 14:40:04'),
(138,	4,	'Garnish with parsley and serve immediately.',	27,	'2024-03-30 14:40:04'),
(139,	1,	'Boil prawns in enough water to cover for 5 minutes, then drain, reserving the liquid.',	28,	'2024-03-30 14:40:11'),
(140,	2,	'Heat oil in a saucepan, add onion and cook until soft. Mix in parsley, wine, tomatoes, garlic, and remaining olive oil, then simmer for 30 minutes.',	28,	'2024-03-30 14:40:11'),
(141,	3,	'Peel the prawns, leaving the head and tail intact. Stir prawns into the sauce and cook for 5 minutes.',	28,	'2024-03-30 14:40:11'),
(142,	4,	'Add feta and let it melt slightly. Serve warm with crusty bread.',	28,	'2024-03-30 14:40:11'),
(143,	1,	'Bring a saucepan of salted water to a boil, then cook pasta until al dente.',	29,	'2024-03-30 14:40:19'),
(144,	2,	'In a small bowl, whisk together flour, mustard powder, garlic powder, salt, black pepper, and cayenne pepper.',	29,	'2024-03-30 14:40:19'),
(145,	3,	'Drain the pasta, then melt butter in the same saucepan. Whisk in the flour mixture and cook until nutty.',	29,	'2024-03-30 14:40:19'),
(146,	4,	'Slowly whisk in milk and cream until combined and slightly thickened. Stir in cheese until melted, then add cooked pasta.',	29,	'2024-03-30 14:40:19'),
(147,	5,	'Pour the mixture onto a baking sheet, spread evenly, and refrigerate until firm.',	29,	'2024-03-30 14:40:19'),
(148,	6,	'Spread garlic butter on one side of bread slices. Top with cheese slices and mac and cheese portions. Grill until golden brown and cheese is melted. Serve hot.',	29,	'2024-03-30 14:40:19'),
(149,	1,	'Mix all the ingredients for the Honey Teriyaki Glaze together, whisking to blend well.',	30,	'2024-03-30 14:40:58'),
(150,	2,	'Combine the salmon with the glaze and heat up a skillet on medium-low heat.',	30,	'2024-03-30 14:40:58'),
(151,	3,	'Pan-fry the salmon on both sides until it\'s completely cooked inside and the glaze thickens.',	30,	'2024-03-30 14:40:58'),
(152,	4,	'Garnish with sesame seeds and serve immediately.',	30,	'2024-03-30 14:40:58'),
(153,	1,	'Rinse and soak the rice several times until the water stays clear, then cook with water or dashi until tender.',	31,	'2024-03-30 14:41:05'),
(154,	2,	'Stir in mirin and let the rice sit covered for 15 minutes.',	31,	'2024-03-30 14:41:05'),
(155,	3,	'Serve with optional toppings as desired.',	31,	'2024-03-30 14:41:05'),
(156,	1,	'Heat oil in a medium saucepan and add chili. Cook for 1 minute, then add curry paste and cook for 1 more minute.',	32,	'2024-03-30 14:41:11'),
(157,	2,	'Dissolve stock cube in boiling water, then pour into the pan along with coconut milk. Bring to a boil.',	32,	'2024-03-30 14:41:11'),
(158,	3,	'Add fish sauce, seasoning, and noodles. Cook until noodles are softening.',	32,	'2024-03-30 14:41:11'),
(159,	4,	'Squeeze in lime juice, add prawns, and cook until warm. Scatter with coriander before serving.',	32,	'2024-03-30 14:41:11'),
(160,	1,	'Preheat oven to 375F (190C) and grease a baking dish.',	33,	'2024-03-30 14:44:03'),
(161,	2,	'In a large bowl, mix together the flour, sugar, baking powder, and salt.',	33,	'2024-03-30 14:44:03'),
(162,	3,	'In another bowl, beat together the egg, milk, and melted butter. Stir the wet mixture into the dry ingredients until just combined.',	33,	'2024-03-30 14:44:03'),
(163,	4,	'Pour the batter into the prepared baking dish and bake for 25-30 minutes or until golden brown and a toothpick inserted into the center comes out clean.',	33,	'2024-03-30 14:44:03'),
(164,	1,	'Preheat the oven to 375F (190C) and grease a muffin tin.',	34,	'2024-03-30 14:44:08'),
(165,	2,	'In a large bowl, mix together the flour, sugar, baking powder, and salt.',	34,	'2024-03-30 14:44:08'),
(166,	3,	'In another bowl, beat together the egg, milk, and melted butter. Stir the wet mixture into the dry ingredients until just combined.',	34,	'2024-03-30 14:44:08'),
(167,	4,	'Pour the batter into the prepared muffin tin, filling each cup about 2/3 full.',	34,	'2024-03-30 14:44:08'),
(168,	5,	'Bake for 18-20 minutes or until golden brown and a toothpick inserted into the center of a muffin comes out clean.',	34,	'2024-03-30 14:44:08'),
(169,	1,	'Preheat the oven to 375F (190C) and grease a baking dish.',	35,	'2024-03-30 14:44:41'),
(170,	2,	'In a large bowl, mix together the flour, sugar, baking powder, and salt.',	35,	'2024-03-30 14:44:41'),
(171,	3,	'In another bowl, beat together the egg, milk, and melted butter. Stir the wet mixture into the dry ingredients until just combined.',	35,	'2024-03-30 14:44:41'),
(172,	4,	'Pour the batter into the prepared baking dish and bake for 25-30 minutes or until golden brown and a toothpick inserted into the center comes out clean.',	35,	'2024-03-30 14:44:41'),
(173,	1,	'In a large pot, bring water to a boil. Add the pasta and cook until al dente, then drain and set aside.',	36,	'2024-03-30 14:44:48'),
(174,	2,	'In a separate skillet, heat olive oil over medium heat. Add garlic and cook until fragrant.',	36,	'2024-03-30 14:44:48'),
(175,	3,	'Add cherry tomatoes and cook until they start to burst. Season with salt, pepper, and red pepper flakes to taste.',	36,	'2024-03-30 14:44:48'),
(176,	4,	'Add the cooked pasta to the skillet and toss to combine. Serve with fresh basil and grated Parmesan cheese.',	36,	'2024-03-30 14:44:48'),
(177,	1,	'Preheat oven to 375F (190C) and grease a baking dish.',	37,	'2024-03-30 14:44:58'),
(178,	2,	'In a large bowl, mix together the flour, sugar, baking powder, and salt.',	37,	'2024-03-30 14:44:58'),
(179,	3,	'In another bowl, beat together the egg, milk, and melted butter. Stir the wet mixture into the dry ingredients until just combined.',	37,	'2024-03-30 14:44:58'),
(180,	4,	'Pour the batter into the prepared baking dish and bake for 25-30 minutes or until golden brown and a toothpick inserted into the center comes out clean.',	37,	'2024-03-30 14:44:58'),
(181,	1,	'Preheat the oven to 375F (190C) and grease a muffin tin.',	38,	'2024-03-30 14:45:03'),
(182,	2,	'In a large bowl, mix together the flour, sugar, baking powder, and salt.',	38,	'2024-03-30 14:45:03'),
(183,	3,	'In another bowl, beat together the egg, milk, and melted butter. Stir the wet mixture into the dry ingredients until just combined.',	38,	'2024-03-30 14:45:03'),
(184,	4,	'Pour the batter into the prepared muffin tin, filling each cup about 2/3 full.',	38,	'2024-03-30 14:45:03'),
(185,	5,	'Bake for 18-20 minutes or until golden brown and a toothpick inserted into the center of a muffin comes out clean.',	38,	'2024-03-30 14:45:03'),
(186,	1,	'In a large bowl, combine the ground beef, breadcrumbs, egg, Worcestershire sauce, garlic powder, onion powder, salt, and pepper.',	39,	'2024-03-30 14:45:09'),
(187,	2,	'Mix until well combined, then form the mixture into patties.',	39,	'2024-03-30 14:45:09'),
(188,	3,	'Heat a skillet over medium heat and cook the patties for 4-5 minutes on each side, or until cooked to your desired level of doneness.',	39,	'2024-03-30 14:45:09'),
(189,	4,	'Serve the burgers on buns with your favorite toppings.',	39,	'2024-03-30 14:45:09'),
(190,	1,	'Preheat oven to 375F (190C) and grease a baking dish.',	40,	'2024-03-30 14:45:26'),
(191,	2,	'In a large bowl, mix together the flour, sugar, baking powder, and salt.',	40,	'2024-03-30 14:45:26'),
(192,	3,	'In another bowl, beat together the egg, milk, and melted butter. Stir the wet mixture into the dry ingredients until just combined.',	40,	'2024-03-30 14:45:26'),
(193,	4,	'Pour the batter into the prepared baking dish and bake for 25-30 minutes or until golden brown and a toothpick inserted into the center comes out clean.',	40,	'2024-03-30 14:45:26'),
(194,	1,	'Preheat oven to 350F (175C). Grease and flour a 9x5 inch loaf pan.',	41,	'2024-03-30 14:45:52'),
(195,	2,	'In a large bowl, mix together mashed bananas, sugar, egg, vanilla extract, and melted butter.',	41,	'2024-03-30 14:45:52'),
(196,	3,	'In another bowl, whisk together flour, baking powder, baking soda, and salt.',	41,	'2024-03-30 14:45:52'),
(197,	4,	'Stir the dry ingredients into the banana mixture until just combined. Pour batter into the prepared loaf pan.',	41,	'2024-03-30 14:45:52'),
(198,	5,	'Bake for 60 to 65 minutes, or until a toothpick inserted into the center of the loaf comes out clean. Let bread cool in pan for 10 minutes, then turn out onto a wire rack.',	41,	'2024-03-30 14:45:52'),
(199,	1,	'Preheat oven to 350F (175C). Grease and flour a 9x13 inch baking dish.',	42,	'2024-03-30 14:46:01'),
(200,	2,	'In a large bowl, cream together butter and sugar until smooth. Beat in eggs, then stir in vanilla extract.',	42,	'2024-03-30 14:46:01'),
(201,	3,	'Combine flour, baking powder, and salt; gradually stir into the egg mixture. Fold in chocolate chips.',	42,	'2024-03-30 14:46:01'),
(202,	4,	'Spread the batter evenly into the prepared baking dish. Bake for 25 to 30 minutes in preheated oven, until edges start to pull away from the sides of the pan.',	42,	'2024-03-30 14:46:01'),
(203,	1,	'Preheat oven to 350F (175C). Grease and flour two 9-inch round cake pans.',	43,	'2024-03-30 14:46:06'),
(204,	2,	'In a large bowl, cream together butter and sugar until light and fluffy. Beat in eggs, one at a time, then stir in vanilla extract.',	43,	'2024-03-30 14:46:06'),
(205,	3,	'Combine flour, baking powder, and salt; gradually stir into the creamed mixture. Finally, fold in milk until batter is smooth. Pour or spoon batter into prepared cake pans.',	43,	'2024-03-30 14:46:06'),
(206,	4,	'Bake for 30 to 40 minutes in preheated oven, or until a toothpick inserted into the center of the cakes comes out clean. Let cakes cool in pans for 10 minutes, then turn out onto wire racks to cool completely.',	43,	'2024-03-30 14:46:06'),
(207,	1,	'Preheat oven to 375F (190C). Grease and flour two 9-inch round cake pans.',	44,	'2024-03-30 14:46:39'),
(208,	2,	'In a large bowl, cream together butter and sugar until light and fluffy. Beat in eggs, one at a time, then stir in vanilla extract.',	44,	'2024-03-30 14:46:39'),
(209,	3,	'Combine flour, cocoa, baking powder, baking soda, and salt; gradually stir into the creamed mixture. Finally, fold in coffee until batter is smooth. Pour or spoon batter into prepared cake pans.',	44,	'2024-03-30 14:46:39'),
(210,	4,	'Bake for 25 to 30 minutes in preheated oven, or until a toothpick inserted into the center of the cakes comes out clean. Let cakes cool in pans for 10 minutes, then turn out onto wire racks to cool completely.',	44,	'2024-03-30 14:46:39'),
(211,	1,	'Preheat oven to 350F (175C). Grease and flour a 9x13 inch baking dish.',	45,	'2024-03-30 14:46:46'),
(212,	2,	'In a large bowl, mix together pumpkin puree, eggs, oil, water, and sugar until well blended.',	45,	'2024-03-30 14:46:46'),
(213,	3,	'In another bowl, whisk together flour, baking powder, baking soda, salt, and pumpkin pie spice. Stir the dry ingredients into the pumpkin mixture until just combined. Pour batter into the prepared baking dish.',	45,	'2024-03-30 14:46:46'),
(214,	4,	'Bake for 25 to 30 minutes in preheated oven, or until a toothpick inserted into the center comes out clean. Let cool before serving.',	45,	'2024-03-30 14:46:46'),
(215,	1,	'Preheat oven to 350F (175C). Grease and flour two 9-inch round cake pans.',	46,	'2024-03-30 14:46:55'),
(216,	2,	'In a large bowl, cream together butter and sugar until light and fluffy. Beat in eggs, one at a time, then stir in vanilla extract.',	46,	'2024-03-30 14:46:55'),
(217,	3,	'Combine flour, baking powder, baking soda, and salt; gradually stir into the creamed mixture. Finally, fold in mashed bananas until batter is smooth. Pour or spoon batter into prepared cake pans.',	46,	'2024-03-30 14:46:55'),
(218,	4,	'Bake for 25 to 30 minutes in preheated oven, or until a toothpick inserted into the center of the cakes comes out clean. Let cakes cool in pans for 10 minutes, then turn out onto wire racks to cool completely.',	46,	'2024-03-30 14:46:55'),
(219,	1,	'Preheat oven to 350F (175C). Grease and flour a 9x13 inch baking dish.',	47,	'2024-03-30 14:47:01'),
(220,	2,	'In a large bowl, mix together shredded zucchini, sugar, oil, and vanilla extract. Beat in eggs.',	47,	'2024-03-30 14:47:01'),
(221,	3,	'In another bowl, whisk together flour, cocoa powder, baking soda, baking powder, and salt. Stir the dry ingredients into the zucchini mixture until well blended. Pour batter into the prepared baking dish.',	47,	'2024-03-30 14:47:01'),
(222,	4,	'Bake for 50 to 55 minutes in preheated oven, or until a toothpick inserted into the center comes out clean. Let cool before serving.',	47,	'2024-03-30 14:47:01'),
(223,	1,	'Preheat oven to 350F (175C). Grease and flour a 9x5 inch loaf pan.',	48,	'2024-03-30 14:47:31'),
(224,	2,	'In a large bowl, combine flour, baking soda, baking powder, salt, cinnamon, and nutmeg. Stir in sugar, oil, eggs, and vanilla extract until well combined. Fold in grated carrots and chopped nuts if desired.',	48,	'2024-03-30 14:47:31'),
(225,	3,	'Pour batter into prepared loaf pan and spread evenly. Bake in preheated oven for 50 to 60 minutes, or until a toothpick inserted into the center comes out clean.',	48,	'2024-03-30 14:47:31'),
(226,	4,	'Allow the bread to cool in the pan for 10 minutes, then remove from pan and cool completely on a wire rack before slicing.',	48,	'2024-03-30 14:47:31'),
(227,	1,	'Preheat oven to 350F (175C). Grease and flour a 9x13 inch baking dish.',	49,	'2024-03-30 14:47:36'),
(228,	2,	'In a large bowl, cream together butter and sugar until smooth. Beat in eggs, then stir in vanilla. Combine flour, cocoa, baking powder, and salt; gradually stir into the butter mixture until well blended.',	49,	'2024-03-30 14:47:36'),
(229,	3,	'Spread the batter evenly into the prepared baking dish. Bake for 25 to 30 minutes in preheated oven, or until the brownies begin to pull away from the edges of the pan.',	49,	'2024-03-30 14:47:36'),
(230,	4,	'Let brownies cool in the pan before cutting into squares.',	49,	'2024-03-30 14:47:36'),
(231,	1,	'Preheat oven to 350F (175C). Grease and flour a 9x13 inch baking dish.',	50,	'2024-03-30 14:47:41'),
(232,	2,	'In a large bowl, mix together flour, sugar, baking powder, and salt. Stir in melted butter and milk until well combined.',	50,	'2024-03-30 14:47:41'),
(233,	3,	'Pour batter into prepared baking dish and spread evenly. Arrange peaches over the batter.',	50,	'2024-03-30 14:47:41'),
(234,	4,	'In a small bowl, mix together brown sugar and cinnamon. Sprinkle over the peaches.',	50,	'2024-03-30 14:47:41'),
(235,	5,	'Bake in preheated oven for 35 to 40 minutes, or until a toothpick inserted into the center comes out clean. Serve warm or cold.',	50,	'2024-03-30 14:47:41');

DROP TABLE IF EXISTS `themes`;
CREATE TABLE `themes` (
  `id` int(11) NOT NULL AUTO_INCREMENT,
  `theme` varchar(45) NOT NULL,
  `updated_at` timestamp NOT NULL DEFAULT current_timestamp() ON UPDATE current_timestamp(),
  PRIMARY KEY (`id`)
) ENGINE=InnoDB DEFAULT CHARSET=utf8mb4;


DROP TABLE IF EXISTS `tips`;
CREATE TABLE `tips` (
  `id` int(11) NOT NULL AUTO_INCREMENT,
  `recipe_id` int(11) NOT NULL,
  `tip` text NOT NULL,
  `updated_at` timestamp NOT NULL DEFAULT current_timestamp() ON UPDATE current_timestamp(),
  PRIMARY KEY (`id`),
  KEY `recipe_id` (`recipe_id`),
  CONSTRAINT `tips_ibfk_1` FOREIGN KEY (`recipe_id`) REFERENCES `recipes` (`id`)
) ENGINE=InnoDB DEFAULT CHARSET=utf8mb4;

INSERT INTO `tips` (`id`, `recipe_id`, `tip`, `updated_at`) VALUES
(1,	1,	'For extra richness, try adding a layer of chocolate ganache between cake layers.',	'2024-04-29 13:27:27'),
(2,	2,	'For a smoky flavor, roast the eggplants on an open flame before mashing them for the bharta.',	'2024-04-29 13:27:27'),
(3,	3,	'Let the brisket rest after cooking to allow the juices to redistribute, ensuring a juicy roast.',	'2024-04-29 13:27:27'),
(4,	4,	'Brush the pie crust with egg wash before baking for a shiny, golden finish.',	'2024-04-29 13:27:27'),
(5,	5,	'Marinate the beef in soy sauce, ginger, and garlic for extra flavor in your lo mein.',	'2024-04-29 13:27:27'),
(6,	6,	'Parboil the potatoes before frying to ensure they are cooked through and crispy.',	'2024-04-29 13:27:27'),
(7,	7,	'Serve bitterballen with a side of mustard or aioli for dipping.',	'2024-04-29 13:27:27'),
(8,	8,	'Slow cook the beef in coconut milk and spices for tender and flavorful rendang.',	'2024-04-29 13:27:27'),
(9,	9,	'Add chopped vegetables like onions, tomatoes, and bell peppers for extra flavor in your omelette.',	'2024-04-29 13:27:27'),
(10,	10,	'Garnish the beetroot soup with a dollop of sour cream and fresh dill.',	'2024-04-29 13:27:27'),
(11,	11,	'Marinate the chicken in yogurt and spices for added tenderness and flavor in your handi.',	'2024-04-29 13:27:27'),
(12,	12,	'Top your fish tacos with a fresh salsa made from diced tomatoes, onions, cilantro, and lime juice.',	'2024-04-29 13:27:27'),
(13,	13,	'Serve coq au vin with crusty bread to soak up the delicious sauce.',	'2024-04-29 13:27:27'),
(14,	14,	'Add a splash of white wine to the hotpot for an extra layer of flavor.',	'2024-04-29 13:27:27'),
(15,	15,	'Use store-bought puff pastry for a quick and easy crust for your chicken pie.',	'2024-04-29 13:27:27'),
(16,	16,	'Top your congee with sliced green onions, fried shallots, and a drizzle of sesame oil for extra flavor.',	'2024-04-29 13:27:27'),
(17,	17,	'Melt chocolate and caramel together for a delicious topping on your crispy treats.',	'2024-04-29 13:27:27'),
(18,	18,	'Layer the trifle with sherry-soaked sponge cake, custard, and whipped cream for a classic Christmas dessert.',	'2024-04-29 13:27:27'),
(19,	19,	'Serve the sausages and greens with whole grain mustard for a tangy kick.',	'2024-04-29 13:27:27'),
(20,	20,	'Grill the cevapi sausages over charcoal for an authentic smoky flavor.',	'2024-04-29 13:27:27'),
(21,	21,	'Add a splash of lemon juice at the end to brighten the flavors of your dal fry.',	'2024-04-29 13:27:27'),
(22,	22,	'Serve Eccles cakes warm with a dollop of clotted cream.',	'2024-04-29 13:27:27'),
(23,	23,	'Top Egyptian fatteh with a drizzle of tahini sauce for extra creaminess.',	'2024-04-29 13:27:27'),
(24,	24,	'Toss the fettucine with freshly grated Parmesan cheese for a creamy finish.',	'2024-04-29 13:27:27'),
(25,	25,	'Use a mix of Gruyere and Emmental cheese for a flavorful filling in your flamiche.',	'2024-04-29 13:27:27'),
(26,	26,	'Spread the layers of feteer meshaltet with a mixture of honey and butter for a sweet touch.',	'2024-04-29 13:27:27'),
(27,	27,	'Make a creamy Alfredo sauce by simmering heavy cream and garlic until thickened, then stir in Parmesan cheese.',	'2024-04-29 13:27:27'),
(28,	28,	'Sprinkle chopped parsley and lemon zest over the garides saganaki for a burst of freshness.',	'2024-04-29 13:27:27'),
(29,	29,	'Spread mayonnaise on the outside of the bread before grilling for a golden crust.',	'2024-04-29 13:27:27'),
(30,	30,	'Marinate the salmon in a mixture of honey, soy sauce, ginger, and garlic before grilling for maximum flavor.',	'2024-04-29 13:27:27'),
(31,	31,	'Rinse the rice well before cooking to remove excess starch for fluffy Japanese gohan rice.',	'2024-04-29 13:27:27'),
(32,	32,	'Garnish laksa with fresh cilantro, bean sprouts, and lime wedges for a burst of freshness.',	'2024-04-29 13:27:27'),
(33,	33,	'Serve lamb tagine with couscous and a side of harissa for a complete meal.',	'2024-04-29 13:27:27'),
(34,	34,	'Top the lamb and potato pie with mashed potatoes for a comforting and hearty dish.',	'2024-04-29 13:27:27'),
(35,	35,	'Serve leblebi soup with a squeeze of lemon juice and a sprinkle of paprika for extra flavor.',	'2024-04-29 13:27:27'),
(36,	36,	'Roll the rotolo tightly and tie with kitchen twine before baking to prevent it from unraveling.',	'2024-04-29 13:27:27'),
(37,	37,	'Brush the top of the minced beef pie with egg wash for a golden crust.',	'2024-04-29 13:27:27'),
(38,	38,	'Dust the madeira cake with powdered sugar before serving for a decorative touch.',	'2024-04-29 13:27:27'),
(39,	39,	'Add a squeeze of lemon juice to mulukhiyah for a bright and tangy flavor.',	'2024-04-29 13:27:27'),
(40,	40,	'Mix whole grain mustard into the mashed potatoes for extra flavor in your champ.',	'2024-04-29 13:27:27'),
(41,	41,	'Garnish osso buco alla milanese with gremolata (lemon zest, garlic, and parsley) for a burst of freshness.',	'2024-04-29 13:27:27'),
(42,	42,	'Serve oxtail with broad beans with crusty bread to soak up the delicious sauce.',	'2024-04-29 13:27:27'),
(43,	43,	'Top pancakes with fresh berries and maple syrup for a classic breakfast treat.',	'2024-04-29 13:27:27'),
(44,	44,	'Serve parkin cake with a dollop of whipped cream or vanilla ice cream.',	'2024-04-29 13:27:27'),
(45,	45,	'Top provenal omelette cake with grated cheese and broil until golden and bubbly.',	'2024-04-29 13:27:27'),
(46,	46,	'Serve Polskie naleniki with a dusting of powdered sugar and a drizzle of honey.',	'2024-04-29 13:27:27'),
(47,	47,	'Marinate the chicken in piri-piri sauce for a spicy kick.',	'2024-04-29 13:27:27'),
(48,	48,	'Serve Portuguese prego with green piri-piri with french fries and a side salad.',	'2024-04-29 13:27:27'),
(49,	49,	'Garnish Portuguese fish stew with chopped cilantro and serve with crusty bread.',	'2024-04-29 13:27:27'),
(50,	50,	'Mix diced pickles and peas into the potato salad for extra crunch and flavor.',	'2024-04-29 13:27:27'),
(51,	8,	'Use a mixture of fresh and dried chilies for a complex flavor in your beef rendang.',	'2024-04-29 13:30:12'),
(52,	11,	'Garnish chicken handi with fresh cilantro and serve with naan or rice for a complete meal.',	'2024-04-29 13:30:12'),
(53,	14,	'Layer sliced potatoes on top of the hotpot before baking for a crispy topping.',	'2024-04-29 13:30:12'),
(54,	18,	'For a festive touch, garnish the Christmas pudding trifle with edible gold leaf or sprinkles.',	'2024-04-29 13:30:12'),
(55,	20,	'Serve cevapi sausages with ajvar (red pepper relish) and freshly baked bread.',	'2024-04-29 13:30:12'),
(56,	23,	'Top Egyptian fatteh with fried pine nuts and a drizzle of olive oil for extra richness.',	'2024-04-29 13:30:12'),
(57,	25,	'Add a pinch of nutmeg and cinnamon to the filling for a warm and comforting flavor in your flamiche.',	'2024-04-29 13:30:12'),
(58,	27,	'For a decadent twist, add cooked shrimp or lobster to your fettuccine alfredo.',	'2024-04-29 13:30:12'),
(59,	29,	'Spread a layer of macaroni and cheese between slices of bread for extra creaminess in your grilled sandwich.',	'2024-04-29 13:30:12'),
(60,	31,	'Toast the rice in a dry skillet before cooking to enhance its nutty flavor for Japanese gohan rice.',	'2024-04-29 13:30:12'),
(61,	33,	'Add dried apricots and preserved lemons to your lamb tagine for a Moroccan-inspired flavor profile.',	'2024-04-29 13:30:12'),
(62,	35,	'Serve leblebi soup with a dollop of yogurt and a sprinkle of smoked paprika for extra creaminess and flavor.',	'2024-04-29 13:30:12'),
(63,	37,	'For a golden and flaky crust, brush the top of the minced beef pie with melted butter before baking.',	'2024-04-29 13:30:12'),
(64,	39,	'Add a splash of vinegar or lemon juice to your mulukhiyah for a tangy kick.',	'2024-04-29 13:30:12'),
(65,	41,	'Serve osso buco alla milanese with creamy polenta or mashed potatoes to soak up the delicious sauce.',	'2024-04-29 13:30:12'),
(66,	43,	'For fluffy pancakes, let the batter rest for 10-15 minutes before cooking.',	'2024-04-29 13:30:12'),
(67,	45,	'Top provenal omelette cake with sauted mushrooms and spinach for an extra savory twist.',	'2024-04-29 13:30:12'),
(68,	47,	'Marinate the chicken in piri-piri sauce overnight for maximum flavor penetration.',	'2024-04-29 13:30:12'),
(69,	49,	'Serve Portuguese fish stew with crusty bread for dipping into the flavorful broth.',	'2024-04-29 13:30:12'),
(70,	3,	'Sear the brisket before roasting for a caramelized crust and deeper flavor in your pot roast.',	'2024-04-29 13:30:12'),
(71,	5,	'For a vegetarian option, substitute beef with tofu or seitan in your lo mein recipe.',	'2024-04-29 13:30:12'),
(72,	7,	'Serve bitterballen with a side of tangy mustard for dipping.',	'2024-04-29 13:30:12'),
(73,	9,	'Add diced bell peppers and shredded cheese for a Tex-Mex twist on your bread omelette.',	'2024-04-29 13:30:12'),
(74,	13,	'For a richer sauce, reduce the wine and chicken stock before adding to the coq au vin.',	'2024-04-29 13:30:12'),
(75,	15,	'Top your chicken ham and leek pie with puff pastry for an extra crispy crust.',	'2024-04-29 13:30:12');

DROP TABLE IF EXISTS `unit_conversions`;
CREATE TABLE `unit_conversions` (
  `id` tinyint(4) NOT NULL AUTO_INCREMENT,
  `measurement_unit` varchar(15) NOT NULL,
  `quantity` int(11) NOT NULL,
  `updated_at` timestamp NOT NULL DEFAULT current_timestamp() ON UPDATE current_timestamp(),
  PRIMARY KEY (`id`)
) ENGINE=InnoDB DEFAULT CHARSET=utf8mb4;


-- 2024-05-01 16:59:44
